postcodes,district,county,district_county,domestic,not_domestic,industry,agriculture
3750,Aveiro,Águeda,Aveiro_Águeda,0.854912764003673,0.1009366391184573,0.026813590449954086,0.017300275482093664
3754,Aveiro,Águeda,Aveiro_Águeda,0.854912764003673,0.1009366391184573,0.026813590449954086,0.017300275482093664
3850,Aveiro,Albergaria-a-Velha,Aveiro_Albergaria-a-Velha,0.867151121772259,0.10081839988711724,0.022858755467757865,0.00917172287286581
3780,Aveiro,Anadia,Aveiro_Anadia,0.8738770068973511,0.0893757607372631,0.017446241233408682,0.019300991131977047
4540,Aveiro,Arouca,Aveiro_Arouca,0.8723623671267651,0.08868792638426146,0.029589084562906556,0.009360621926066952
3810,Aveiro,Aveiro,Aveiro_Aveiro,0.8435830708122175,0.13002132780245368,0.021856105817207035,0.004539495568121784
3800,Aveiro,Aveiro,Aveiro_Aveiro,0.8435830708122175,0.13002132780245368,0.021856105817207035,0.004539495568121784
3804,Aveiro,Aveiro,Aveiro_Aveiro,0.8435830708122175,0.13002132780245368,0.021856105817207035,0.004539495568121784
3814,Aveiro,Aveiro,Aveiro_Aveiro,0.8435830708122175,0.13002132780245368,0.021856105817207035,0.004539495568121784
3813,Aveiro,Aveiro,Aveiro_Aveiro,0.8435830708122175,0.13002132780245368,0.021856105817207035,0.004539495568121784
4550,Aveiro,Castelo de Paiva,Aveiro_Castelo de Paiva,0.8799498746867167,0.08934837092731829,0.013784461152882205,0.016917293233082706
4500,Aveiro,Espinho,Aveiro_Espinho,0.853107954852298,0.13106874763730628,0.012691040665334559,0.003132256845061295
4504,Aveiro,Espinho,Aveiro_Espinho,0.853107954852298,0.13106874763730628,0.012691040665334559,0.003132256845061295
3860,Aveiro,Estarreja,Aveiro_Estarreja,0.8870687860068022,0.0837787186784202,0.019573818282779203,0.009509266328867911
3864,Aveiro,Estarreja,Aveiro_Estarreja,0.8870687860068022,0.0837787186784202,0.019573818282779203,0.009509266328867911
3870,Aveiro,Murtosa,Aveiro_Murtosa,0.9090802714720336,0.06435759419611514,0.015211794991809035,0.011350339340042126
3865,Aveiro,Estarreja,Aveiro_Estarreja,0.8870687860068022,0.0837787186784202,0.019573818282779203,0.009509266328867911
3830,Aveiro,Ílhavo,Aveiro_Ílhavo,0.8900355871886121,0.09062870699881376,0.015895610913404506,0.003440094899169632
3050,Aveiro,Mealhada,Aveiro_Mealhada,0.8682035667681601,0.10882992605480644,0.014354066985645933,0.00861244019138756
3054,Aveiro,Mealhada,Aveiro_Mealhada,0.8682035667681601,0.10882992605480644,0.014354066985645933,0.00861244019138756
3720,Aveiro,Oliveira de Azeméis,Aveiro_Oliveira de Azeméis,0.865871622004419,0.0878703756161124,0.025720922327346893,0.02053708005212169
3700,Aveiro,Oliveira de Azeméis,Aveiro_Oliveira de Azeméis,0.865871622004419,0.0878703756161124,0.025720922327346893,0.02053708005212169
3770,Aveiro,Oliveira do Bairro,Aveiro_Oliveira do Bairro,0.8516237812477091,0.10351147276592625,0.029250054981306357,0.01561469100505828
3774,Aveiro,Oliveira do Bairro,Aveiro_Oliveira do Bairro,0.8516237812477091,0.10351147276592625,0.029250054981306357,0.01561469100505828
3885,Aveiro,Ovar,Aveiro_Ovar,0.864360958329449,0.10782760013672664,0.01792983437432025,0.009881607159504056
3880,Aveiro,Ovar,Aveiro_Ovar,0.864360958329449,0.10782760013672664,0.01792983437432025,0.009881607159504056
3884,Aveiro,Ovar,Aveiro_Ovar,0.864360958329449,0.10782760013672664,0.01792983437432025,0.009881607159504056
4505,Aveiro,Santa Maria da Feira,Aveiro_Santa Maria da Feira,0.8628715141241367,0.10736567133071183,0.022606955772624324,0.00715585877252706
3700,Aveiro,Santa Maria da Feira,Aveiro_Santa Maria da Feira,0.8628715141241367,0.10736567133071183,0.022606955772624324,0.00715585877252706
4525,Aveiro,Santa Maria da Feira,Aveiro_Santa Maria da Feira,0.8628715141241367,0.10736567133071183,0.022606955772624324,0.00715585877252706
4520,Aveiro,Santa Maria da Feira,Aveiro_Santa Maria da Feira,0.8628715141241367,0.10736567133071183,0.022606955772624324,0.00715585877252706
4535,Aveiro,Santa Maria da Feira,Aveiro_Santa Maria da Feira,0.8628715141241367,0.10736567133071183,0.022606955772624324,0.00715585877252706
4500,Aveiro,Santa Maria da Feira,Aveiro_Santa Maria da Feira,0.8628715141241367,0.10736567133071183,0.022606955772624324,0.00715585877252706
3700,Aveiro,São João da Madeira,Aveiro_São João da Madeira,0.8302152932442465,0.14350408314773572,0.02457312546399406,0.0017074981440237565
3701,Aveiro,São João da Madeira,Aveiro_São João da Madeira,0.8302152932442465,0.14350408314773572,0.02457312546399406,0.0017074981440237565
3740,Aveiro,Sever do Vouga,Aveiro_Sever do Vouga,0.882599032553275,0.08759314943129821,0.02248659955549745,0.007321218459929403
3744,Aveiro,Sever do Vouga,Aveiro_Sever do Vouga,0.882599032553275,0.08759314943129821,0.02248659955549745,0.007321218459929403
3840,Aveiro,Vagos,Aveiro_Vagos,0.8744033027996387,0.08082828022190686,0.02057798993678235,0.024190427041672045
3730,Aveiro,Vale de Cambra,Aveiro_Vale de Cambra,0.8701599641201972,0.1074151592166243,0.016220660786365672,0.006204215876812677
3734,Aveiro,Vale de Cambra,Aveiro_Vale de Cambra,0.8701599641201972,0.1074151592166243,0.016220660786365672,0.006204215876812677
7600,Beja,Aljustrel,Beja_Aljustrel,0.8750828363154407,0.08714380384360504,0.016401590457256462,0.021371769383697812
7604,Beja,Aljustrel,Beja_Aljustrel,0.8750828363154407,0.08714380384360504,0.016401590457256462,0.021371769383697812
7700,Beja,Almodôvar,Beja_Almodôvar,0.8758608511389723,0.09906410030019426,0.018364824298075226,0.006710224262758255
7920,Beja,Alvito,Beja_Alvito,0.863662960795787,0.08601521357519017,0.022820362785254535,0.027501462843768285
7924,Beja,Alvito,Beja_Alvito,0.863662960795787,0.08601521357519017,0.022820362785254535,0.027501462843768285
7230,Beja,Barrancos,Beja_Barrancos,0.8936341659951653,0.08058017727639001,0.017727639000805803,0.008058017727639
7800,Beja,Beja,Beja_Beja,0.8366911796701623,0.1226665506287803,0.01714459771115269,0.023497671989904705
7801,Beja,Beja,Beja_Beja,0.8366911796701623,0.1226665506287803,0.01714459771115269,0.023497671989904705
7780,Beja,Castro Verde,Beja_Castro Verde,0.898495486459378,0.08124373119358073,0.012236710130391173,0.00802407221664995
7940,Beja,Cuba,Beja_Cuba,0.854632587859425,0.10319488817891374,0.018849840255591055,0.023322683706070286
7900,Beja,Ferreira do Alentejo,Beja_Ferreira do Alentejo,0.82805768870575,0.11032028469750889,0.01760629331335456,0.0440157332833864
7750,Beja,Mértola,Beja_Mértola,0.8710766537451543,0.10653995248218082,0.012379642365887207,0.01000375140677754
7754,Beja,Mértola,Beja_Mértola,0.8710766537451543,0.10653995248218082,0.012379642365887207,0.01000375140677754
7885,Beja,Moura,Beja_Moura,0.87178002894356,0.08605885190545103,0.014954172696575011,0.02720694645441389
7875,Beja,Moura,Beja_Moura,0.87178002894356,0.08605885190545103,0.014954172696575011,0.02720694645441389
7860,Beja,Moura,Beja_Moura,0.87178002894356,0.08605885190545103,0.014954172696575011,0.02720694645441389
7864,Beja,Moura,Beja_Moura,0.87178002894356,0.08605885190545103,0.014954172696575011,0.02720694645441389
7630,Beja,Odemira,Beja_Odemira,0.851462680676829,0.12209560455823591,0.011000937299590549,0.015440777465344582
7665,Beja,Odemira,Beja_Odemira,0.851462680676829,0.12209560455823591,0.011000937299590549,0.015440777465344582
7645,Beja,Odemira,Beja_Odemira,0.851462680676829,0.12209560455823591,0.011000937299590549,0.015440777465344582
7670,Beja,Ourique,Beja_Ourique,0.8525301204819276,0.12024096385542168,0.016626506024096384,0.010602409638554217
7830,Beja,Serpa,Beja_Serpa,0.8771535580524344,0.07808988764044943,0.01807116104868914,0.026685393258426966
7960,Beja,Vidigueira,Beja_Vidigueira,0.8614772444665506,0.08803780154190499,0.021139020144242727,0.029345933847301667
4720,Braga,Amares,Braga_Amares,0.8972833806818181,0.07492897727272727,0.014382102272727272,0.013405539772727274
4750,Braga,Barcelos,Braga_Barcelos,0.8369401196541746,0.11631663974151858,0.02962949812707486,0.017113742477231977
4755,Braga,Barcelos,Braga_Barcelos,0.8369401196541746,0.11631663974151858,0.02962949812707486,0.017113742477231977
4905,Braga,Barcelos,Braga_Barcelos,0.8369401196541746,0.11631663974151858,0.02962949812707486,0.017113742477231977
4754,Braga,Barcelos,Braga_Barcelos,0.8369401196541746,0.11631663974151858,0.02962949812707486,0.017113742477231977
4740,Braga,Barcelos,Braga_Barcelos,0.8369401196541746,0.11631663974151858,0.02962949812707486,0.017113742477231977
4775,Braga,Barcelos,Braga_Barcelos,0.8369401196541746,0.11631663974151858,0.02962949812707486,0.017113742477231977
4710,Braga,Braga,Braga_Braga,0.8581610023314441,0.12069488409121064,0.017609037663248478,0.003525598498777413
4705,Braga,Braga,Braga_Braga,0.8581610023314441,0.12069488409121064,0.017609037663248478,0.003525598498777413
4709,Braga,Braga,Braga_Braga,0.8581610023314441,0.12069488409121064,0.017609037663248478,0.003525598498777413
4700,Braga,Braga,Braga_Braga,0.8581610023314441,0.12069488409121064,0.017609037663248478,0.003525598498777413
4704,Braga,Braga,Braga_Braga,0.8581610023314441,0.12069488409121064,0.017609037663248478,0.003525598498777413
4714,Braga,Braga,Braga_Braga,0.8581610023314441,0.12069488409121064,0.017609037663248478,0.003525598498777413
4715,Braga,Braga,Braga_Braga,0.8581610023314441,0.12069488409121064,0.017609037663248478,0.003525598498777413
4719,Braga,Braga,Braga_Braga,0.8581610023314441,0.12069488409121064,0.017609037663248478,0.003525598498777413
4860,Braga,Cabeceiras de Basto,Braga_Cabeceiras de Basto,0.89392796530265894,0.087686215349802,0.013860079200452574,0.004525740147086555
4615,Braga,Celorico de Basto,Braga_Celorico de Basto,0.897033475460401,0.07466207021681938,0.02340560645922163,0.0048988478635580155
4890,Braga,Celorico de Basto,Braga_Celorico de Basto,0.897033475460401,0.07466207021681938,0.02340560645922163,0.0048988478635580155
4820,Braga,Celorico de Basto,Braga_Celorico de Basto,0.897033475460401,0.07466207021681938,0.02340560645922163,0.0048988478635580155
4740,Braga,Esposende,Braga_Esposende,0.8666899387169343,0.10693507097975331,0.016600729190908384,0.009774261112404002
4820,Braga,Fafe,Braga_Fafe,0.8785523439397619,0.0929942052118394,0.02363024393629203,0.004823206912106596
4824,Braga,Fafe,Braga_Fafe,0.8785523439397619,0.0929942052118394,0.02363024393629203,0.004823206912106596
4810,Braga,Guimarães,Braga_Guimarães,0.858869666658393,0.11114696319094541,0.025838318151356447,0.004132641663977761
4805,Braga,Guimarães,Braga_Guimarães,0.858869666658393,0.11114696319094541,0.025838318151356447,0.004132641663977761
4765,Braga,Guimarães,Braga_Guimarães,0.858869666658393,0.11114696319094541,0.025838318151356447,0.004132641663977761
4800,Braga,Guimarães,Braga_Guimarães,0.858869666658393,0.11114696319094541,0.025838318151356447,0.004132641663977761
4804,Braga,Guimarães,Braga_Guimarães,0.858869666658393,0.11114696319094541,0.025838318151356447,0.004132641663977761
4809,Braga,Guimarães,Braga_Guimarães,0.858869666658393,0.11114696319094541,0.025838318151356447,0.004132641663977761
4815,Braga,Guimarães,Braga_Guimarães,0.858869666658393,0.11114696319094541,0.025838318151356447,0.004132641663977761
4835,Braga,Guimarães,Braga_Guimarães,0.858869666658393,0.11114696319094541,0.025838318151356447,0.004132641663977761
4815,Braga,Vizela,Braga_Vizela,0.8740136298421807,0.0974713055954089,0.025824964131994258,0.002690100430416069
4839,Braga,Guimarães,Braga_Guimarães,0.858869666658393,0.11114696319094541,0.025838318151356447,0.004132641663977761
4814,Braga,Guimarães,Braga_Guimarães,0.858869666658393,0.11114696319094541,0.025838318151356447,0.004132641663977761
4830,Braga,Póvoa de Lanhoso,Braga_Póvoa de Lanhoso,0.8918700975001833,0.0799061652371527,0.019133494611831975,0.00909024265083205
4840,Braga,Terras de Bouro,Braga_Terras de Bouro,0.8679028866373543,0.11508315809596635,0.01261709042248136,0.00439686484419805
4845,Braga,Terras de Bouro,Braga_Terras de Bouro,0.8679028866373543,0.11508315809596635,0.01261709042248136,0.00439686484419805
4850,Braga,Vieira do Minho,Braga_Vieira do Minho,0.8766195867865064,0.10166919575113809,0.015874868682152446,0.005836348780203105
4770,Braga,Vila Nova de Famalicão,Braga_Vila Nova de Famalicão,0.8512654492724299,0.11659669179017654,0.02424671623922977,0.007891142698163793
4760,Braga,Vila Nova de Famalicão,Braga_Vila Nova de Famalicão,0.8512654492724299,0.11659669179017654,0.02424671623922977,0.007891142698163793
4775,Braga,Vila Nova de Famalicão,Braga_Vila Nova de Famalicão,0.8512654492724299,0.11659669179017654,0.02424671623922977,0.007891142698163793
4765,Braga,Vila Nova de Famalicão,Braga_Vila Nova de Famalicão,0.8512654492724299,0.11659669179017654,0.02424671623922977,0.007891142698163793
4764,Braga,Vila Nova de Famalicão,Braga_Vila Nova de Famalicão,0.8512654492724299,0.11659669179017654,0.02424671623922977,0.007891142698163793
4763,Braga,Vila Nova de Famalicão,Braga_Vila Nova de Famalicão,0.8512654492724299,0.11659669179017654,0.02424671623922977,0.007891142698163793
4730,Braga,Vila Verde,Braga_Vila Verde,0.890203327171904,0.08321626617375232,0.01833641404805915,0.008243992606284658
4620,Braga,Vizela,Braga_Vizela,0.8740136298421807,0.0974713055954089,0.025824964131994258,0.002690100430416069
5350,Bragança,Alfândega da Fé,Bragança_Alfândega da Fé,0.8674987998079693,0.11377820451272205,0.01128180508881421,0.007441190590494479
5300,Bragança,Bragança,Bragança_Bragança,0.8658810137600859,0.10910977936991531,0.018982891961565506,0.006026314908433493
5301,Bragança,Bragança,Bragança_Bragança,0.8658810137600859,0.10910977936991531,0.018982891961565506,0.006026314908433493
5140,Bragança,Carrazeda de Ansiães,Bragança_Carrazeda de Ansiães,0.8925367778973806,0.08162899174739864,0.012737710800143524,0.013096519555077143
5180,Bragança,Freixo de Espada à Cinta,Bragança_Freixo de Espada à Cinta,0.8847025495750709,0.06912181303116148,0.02152974504249292,0.024645892351274786
5340,Bragança,Macedo de Cavaleiros,Bragança_Macedo de Cavaleiros,0.8865864350043835,0.0895831672909859,0.01617916633458197,0.007651231370048617
5225,Bragança,Miranda do Douro,Bragança_Miranda do Douro,0.8974319779883828,0.08116783858147356,0.012534393151941303,0.008865790278202385
5210,Bragança,Miranda do Douro,Bragança_Miranda do Douro,0.8974319779883828,0.08116783858147356,0.012534393151941303,0.008865790278202385
5370,Bragança,Mirandela,Bragança_Mirandela,0.8741744873131735,0.09935117599351176,0.01448267871625536,0.011991657977059438
5385,Bragança,Mirandela,Bragança_Mirandela,0.8741744873131735,0.09935117599351176,0.01448267871625536,0.011991657977059438
5374,Bragança,Mirandela,Bragança_Mirandela,0.8741744873131735,0.09935117599351176,0.01448267871625536,0.011991657977059438
5200,Bragança,Mogadouro,Bragança_Mogadouro,0.8612353438897619,0.11700713163302308,0.009065635198839598,0.012691889278375437
5350,Bragança,Mogadouro,Bragança_Mogadouro,0.8612353438897619,0.11700713163302308,0.009065635198839598,0.012691889278375437
5204,Bragança,Mogadouro,Bragança_Mogadouro,0.8612353438897619,0.11700713163302308,0.009065635198839598,0.012691889278375437
5160,Bragança,Torre de Moncorvo,Bragança_Torre de Moncorvo,0.8910699474702792,0.07837987282278132,0.019629527232513135,0.01092065247442632
5164,Bragança,Torre de Moncorvo,Bragança_Torre de Moncorvo,0.8910699474702792,0.07837987282278132,0.019629527232513135,0.01092065247442632
5360,Bragança,Vila Flor,Bragança_Vila Flor,0.8748901774732033,0.08856088560885608,0.01493586364435073,0.021613073273589876
5230,Bragança,Vimioso,Bragança_Vimioso,0.9156553398058251,0.06937702265372168,0.008292880258899677,0.006674757281553398
5335,Bragança,Vinhais,Bragança_Vinhais,0.8873522755846115,0.08888609504651748,0.017349761126477244,0.006411868242393765
5320,Bragança,Vinhais,Bragança_Vinhais,0.8873522755846115,0.08888609504651748,0.017349761126477244,0.006411868242393765
6250,Castelo Branco,Belmonte,Castelo Branco_Belmonte,0.8852235018543824,0.08295920359164553,0.014444661331251222,0.017372633222721062
6005,Castelo Branco,Castelo Branco,Castelo Branco_Castelo Branco,0.8752979464613128,0.09128621195452878,0.016112027869453614,0.017303813714704804
6000,Castelo Branco,Castelo Branco,Castelo Branco_Castelo Branco,0.8752979464613128,0.09128621195452878,0.016112027869453614,0.017303813714704804
6004,Castelo Branco,Castelo Branco,Castelo Branco_Castelo Branco,0.8752979464613128,0.09128621195452878,0.016112027869453614,0.017303813714704804
6225,Castelo Branco,Covilhã,Castelo Branco_Covilhã,0.8870834480859267,0.08840539796199394,0.015064720462682455,0.00944643348939686
6200,Castelo Branco,Covilhã,Castelo Branco_Covilhã,0.8870834480859267,0.08840539796199394,0.015064720462682455,0.00944643348939686
6215,Castelo Branco,Covilhã,Castelo Branco_Covilhã,0.8870834480859267,0.08840539796199394,0.015064720462682455,0.00944643348939686
6201,Castelo Branco,Covilhã,Castelo Branco_Covilhã,0.8870834480859267,0.08840539796199394,0.015064720462682455,0.00944643348939686
6230,Castelo Branco,Covilhã,Castelo Branco_Covilhã,0.8870834480859267,0.08840539796199394,0.015064720462682455,0.00944643348939686
6230,Castelo Branco,Fundão,Castelo Branco_Fundão,0.8687627027251233,0.09569040607242107,0.01314861669915799,0.02239827450329752
6185,Castelo Branco,Fundão,Castelo Branco_Fundão,0.8687627027251233,0.09569040607242107,0.01314861669915799,0.02239827450329752
6005,Castelo Branco,Fundão,Castelo Branco_Fundão,0.8687627027251233,0.09569040607242107,0.01314861669915799,0.02239827450329752
6060,Castelo Branco,Idanha-a-Nova,Castelo Branco_Idanha-a-Nova,0.8898878487348225,0.07980350356844935,0.008805264621373621,0.02150338307535453
6160,Castelo Branco,Oleiros,Castelo Branco_Oleiros,0.8552188552188551,0.11678185362395888,0.013822434875066455,0.014176856282119439
6185,Castelo Branco,Oleiros,Castelo Branco_Oleiros,0.8552188552188551,0.11678185362395888,0.013822434875066455,0.014176856282119439
6090,Castelo Branco,Penamacor,Castelo Branco_Penamacor,0.8916302311055591,0.07604622111180513,0.012960649594003748,0.019362898188632106
6320,Castelo Branco,Penamacor,Castelo Branco_Penamacor,0.8916302311055591,0.07604622111180513,0.012960649594003748,0.019362898188632106
6150,Castelo Branco,Proença-a-Nova,Castelo Branco_Proença-a-Nova,0.8667836415170739,0.09636928060466998,0.015656633823727898,0.021190444054528274
6100,Castelo Branco,Sertã,Castelo Branco_Sertã,0.8483651525126179,0.10650281618023553,0.011557311096481603,0.03357472021066491
6110,Castelo Branco,Vila de Rei,Castelo Branco_Vila de Rei,0.8833836858006042,0.0957703927492447,0.0072507552870090634,0.013595166163141994
6030,Castelo Branco,Vila Velha de Ródão,Castelo Branco_Vila Velha de Ródão,0.8771436603879673,0.08181051447849311,0.017149283103739105,0.023896542029800395
3305,Coimbra,Arganil,Coimbra_Arganil,0.8992248062015504,0.08202632053362179,0.011808184604290608,0.006940688660537228
3300,Coimbra,Arganil,Coimbra_Arganil,0.8992248062015504,0.08202632053362179,0.011808184604290608,0.006940688660537228
3060,Coimbra,Cantanhede,Coimbra_Cantanhede,0.8778884709189367,0.0820966475135381,0.01732049109172833,0.022694390475796786
3064,Coimbra,Cantanhede,Coimbra_Cantanhede,0.8778884709189367,0.0820966475135381,0.01732049109172833,0.022694390475796786
3040,Coimbra,Coimbra,Coimbra_Coimbra,0.8581589691247767,0.12305435059964276,0.01328995492047291,0.005454197499362082
3045,Coimbra,Coimbra,Coimbra_Coimbra,0.8581589691247767,0.12305435059964276,0.01328995492047291,0.005454197499362082
3025,Coimbra,Coimbra,Coimbra_Coimbra,0.8581589691247767,0.12305435059964276,0.01328995492047291,0.005454197499362082
3020,Coimbra,Coimbra,Coimbra_Coimbra,0.8581589691247767,0.12305435059964276,0.01328995492047291,0.005454197499362082
3030,Coimbra,Coimbra,Coimbra_Coimbra,0.8581589691247767,0.12305435059964276,0.01328995492047291,0.005454197499362082
3044,Coimbra,Coimbra,Coimbra_Coimbra,0.8581589691247767,0.12305435059964276,0.01328995492047291,0.005454197499362082
3004,Coimbra,Coimbra,Coimbra_Coimbra,0.8581589691247767,0.12305435059964276,0.01328995492047291,0.005454197499362082
3000,Coimbra,Coimbra,Coimbra_Coimbra,0.8581589691247767,0.12305435059964276,0.01328995492047291,0.005454197499362082
3034,Coimbra,Coimbra,Coimbra_Coimbra,0.8581589691247767,0.12305435059964276,0.01328995492047291,0.005454197499362082
3049,Coimbra,Coimbra,Coimbra_Coimbra,0.8581589691247767,0.12305435059964276,0.01328995492047291,0.005454197499362082
3020,Aveiro,Mealhada,Aveiro_Mealhada,0.8682035667681601,0.10882992605480644,0.014354066985645933,0.00861244019138756
3048,Coimbra,Coimbra,Coimbra_Coimbra,0.8581589691247767,0.12305435059964276,0.01328995492047291,0.005454197499362082
3150,Coimbra,Condeixa-a-Nova,Coimbra_Condeixa-a-Nova,0.8777311376601011,0.10730814766978797,0.010117317834463459,0.0048433968356474
3154,Coimbra,Condeixa-a-Nova,Coimbra_Condeixa-a-Nova,0.8777311376601011,0.10730814766978797,0.010117317834463459,0.0048433968356474
3090,Coimbra,Figueira da Foz,Coimbra_Figueira da Foz,0.88114465231488,0.09245423605936727,0.014116841532915803,0.012264131945143685
3080,Coimbra,Figueira da Foz,Coimbra_Figueira da Foz,0.88114465231488,0.09245423605936727,0.014116841532915803,0.012264131945143685
3094,Coimbra,Figueira da Foz,Coimbra_Figueira da Foz,0.88114465231488,0.09245423605936727,0.014116841532915803,0.012264131945143685
3084,Coimbra,Figueira da Foz,Coimbra_Figueira da Foz,0.88114465231488,0.09245423605936727,0.014116841532915803,0.012264131945143685
3330,Coimbra,Góis,Coimbra_Góis,0.8880192655027092,0.09933774834437085,0.007425245835841862,0.0052177403170780646
3334,Coimbra,Góis,Coimbra_Góis,0.8880192655027092,0.09933774834437085,0.007425245835841862,0.0052177403170780646
3200,Coimbra,Lousã,Coimbra_Lousã,0.8798309178743962,0.09515182884748102,0.014320220841959972,0.01069703243616287
3070,Coimbra,Mira,Coimbra_Mira,0.892896725440806,0.07687657430730478,0.014408060453400503,0.015818639798488663
3074,Coimbra,Mira,Coimbra_Mira,0.892896725440806,0.07687657430730478,0.014408060453400503,0.015818639798488663
3220,Coimbra,Miranda do Corvo,Coimbra_Miranda do Corvo,0.8760810636375372,0.09719891570930683,0.012004646960113592,0.01471537369304247
3140,Coimbra,Montemor-o-Velho,Coimbra_Montemor-o-Velho,0.8593453009503695,0.09778247096092924,0.010770855332629356,0.032101372756071805
3144,Coimbra,Montemor-o-Velho,Coimbra_Montemor-o-Velho,0.8593453009503695,0.09778247096092924,0.010770855332629356,0.032101372756071805
3400,Coimbra,Oliveira do Hospital,Coimbra_Oliveira do Hospital,0.8703577744524554,0.09617739083117943,0.019317099714324583,0.01414773500204054
3405,Coimbra,Oliveira do Hospital,Coimbra_Oliveira do Hospital,0.8703577744524554,0.09617739083117943,0.019317099714324583,0.01414773500204054
3404,Coimbra,Oliveira do Hospital,Coimbra_Oliveira do Hospital,0.8703577744524554,0.09617739083117943,0.019317099714324583,0.01414773500204054
3320,Coimbra,Pampilhosa da Serra,Coimbra_Pampilhosa da Serra,0.8819340329835083,0.10119940029985007,0.00937031484257871,0.007496251874062968
3360,Coimbra,Penacova,Coimbra_Penacova,0.8999427590154551,0.08414424728105324,0.012364052661705783,0.003548941041785919
3230,Coimbra,Penela,Coimbra_Penela,0.8744140143103875,0.10436713545521835,0.014803849000740193,0.006415001233654083
3234,Coimbra,Penela,Coimbra_Penela,0.8744140143103875,0.10436713545521835,0.014803849000740193,0.006415001233654083
3130,Coimbra,Soure,Coimbra_Soure,0.8879456706281834,0.08913412563667233,0.012224108658743633,0.010611205432937181
3420,Coimbra,Tábua,Coimbra_Tábua,0.8717783505154639,0.09493127147766323,0.011168384879725086,0.022121993127147768
3350,Coimbra,Vila Nova de Poiares,Coimbra_Vila Nova de Poiares,0.8769511453476585,0.1056152442732617,0.012973849584431381,0.0044597607946482865
7250,Évora,Alandroal,Évora_Alandroal,0.8722991017237195,0.09055596018451081,0.016023306627822288,0.02112163146394756
7154,Évora,Borba,Évora_Borba,0.8492063492063491,0.1134453781512605,0.01750700280112045,0.01984126984126984
7200,Évora,Alandroal,Évora_Alandroal,0.8722991017237195,0.09055596018451081,0.016023306627822288,0.02112163146394756
7040,Évora,Arraiolos,Évora_Arraiolos,0.8790306017662765,0.08030396385294722,0.015198192647360855,0.025467241733415486
7150,Évora,Borba,Évora_Borba,0.8492063492063491,0.1134453781512605,0.01750700280112045,0.01984126984126984
7100,Évora,Estremoz,Évora_Estremoz,0.819710515112814,0.13974031502767134,0.01447424435930183,0.026074925500212856
7005,Évora,Évora,Évora_Évora,0.8556797583081569,0.11510574018126887,0.01622356495468278,0.012990936555891236
7000,Évora,Évora,Évora_Évora,0.8556797583081569,0.11510574018126887,0.01622356495468278,0.012990936555891236
7004,Évora,Évora,Évora_Évora,0.8556797583081569,0.11510574018126887,0.01622356495468278,0.012990936555891236
7009,Évora,Évora,Évora_Évora,0.8556797583081569,0.11510574018126887,0.01622356495468278,0.012990936555891236
7200,Évora,Évora,Évora_Évora,0.8556797583081569,0.11510574018126887,0.01622356495468278,0.012990936555891236
7050,Évora,Montemor-o-Novo,Évora_Montemor-o-Novo,0.836456400742115,0.11753246753246753,0.019851576994434135,0.0261595547309833
7490,Évora,Mora,Évora_Mora,0.882515168229454,0.09211252068394926,0.007997793712079426,0.017374517374517374
7240,Évora,Mourão,Évora_Mourão,0.8575788402848423,0.11037639877924721,0.014750762970498476,0.017293997965412006
7244,Évora,Mourão,Évora_Mourão,0.8575788402848423,0.11037639877924721,0.014750762970498476,0.017293997965412006
7220,Évora,Portel,Évora_Portel,0.9059583632447954,0.06413017468293851,0.016511127063890883,0.01340033500837521
7200,Évora,Redondo,Évora_Redondo,0.8778149386845039,0.08428093645484949,0.018283166109253065,0.019620958751393535
7170,Évora,Redondo,Évora_Redondo,0.8778149386845039,0.08428093645484949,0.018283166109253065,0.019620958751393535
7200,Évora,Reguengos de Monsaraz,Évora_Reguengos de Monsaraz,0.8651748251748252,0.10643356643356644,0.015804195804195804,0.012587412587412588
2965,Évora,Vendas Novas,Évora_Vendas Novas,0.8756225985484559,0.09420805464636403,0.017219296997296143,0.012950049807883878
7080,Évora,Vendas Novas,Évora_Vendas Novas,0.8756225985484559,0.09420805464636403,0.017219296997296143,0.012950049807883878
7090,Évora,Viana do Alentejo,Évora_Viana do Alentejo,0.877431388222755,0.0804689581667999,0.01598721023181455,0.026112443378630428
7160,Évora,Vila Viçosa,Évora_Vila Viçosa,0.8524623115577891,0.10954773869346734,0.021306532663316582,0.016683417085427137
8200,Faro,Albufeira,Faro_Albufeira,0.8047568135351603,0.17573574925440327,0.012154633954195039,0.007352803256241443
8201,Faro,Albufeira,Faro_Albufeira,0.8047568135351603,0.17573574925440327,0.012154633954195039,0.007352803256241443
8203,Faro,Albufeira,Faro_Albufeira,0.8047568135351603,0.17573574925440327,0.012154633954195039,0.007352803256241443
8970,Faro,Alcoutim,Faro_Alcoutim,0.8363440280399029,0.1366945268266379,0.011323806956052845,0.015637638177406307
8670,Faro,Aljezur,Faro_Aljezur,0.861999690928759,0.11528357286354506,0.01483541956420955,0.007881316643486324
8950,Faro,Castro Marim,Faro_Castro Marim,0.8799138395261172,0.09434571890145396,0.01615508885298869,0.009585352719439957
8954,Faro,Castro Marim,Faro_Castro Marim,0.8799138395261172,0.09434571890145396,0.01615508885298869,0.009585352719439957
8009,Faro,Faro,Faro_Faro,0.8497608285425902,0.12500548558388555,0.014723307148812918,0.010510378724711458
8005,Faro,Faro,Faro_Faro,0.8497608285425902,0.12500548558388555,0.014723307148812918,0.010510378724711458
8000,Faro,Faro,Faro_Faro,0.8497608285425902,0.12500548558388555,0.014723307148812918,0.010510378724711458
8004,Faro,Faro,Faro_Faro,0.8497608285425902,0.12500548558388555,0.014723307148812918,0.010510378724711458
8400,Faro,Lagoa,Faro_Lagoa ,0.8332988795634019,0.1471038160995576,0.01405713813205441,0.0055401662049861505
8401,Faro,Lagoa,Faro_Lagoa ,0.8332988795634019,0.1471038160995576,0.01405713813205441,0.0055401662049861505
8600,Faro,Lagos,Faro_Lagos,0.833721607454863,0.1477577169481654,0.013541059988351775,0.004979615608619685
8601,Faro,Lagos,Faro_Lagos,0.833721607454863,0.1477577169481654,0.013541059988351775,0.004979615608619685
8604,Faro,Lagos,Faro_Lagos,0.833721607454863,0.1477577169481654,0.013541059988351775,0.004979615608619685
8135,Faro,Loulé,Faro_Loulé,0.8305560975609757,0.14532682926829268,0.015102439024390244,0.009014634146341464
8100,Faro,Loulé,Faro_Loulé,0.8305560975609757,0.14532682926829268,0.015102439024390244,0.009014634146341464
8136,Faro,Loulé,Faro_Loulé,0.8305560975609757,0.14532682926829268,0.015102439024390244,0.009014634146341464
8104,Faro,Loulé,Faro_Loulé,0.8305560975609757,0.14532682926829268,0.015102439024390244,0.009014634146341464
8125,Faro,Loulé,Faro_Loulé,0.8305560975609757,0.14532682926829268,0.015102439024390244,0.009014634146341464
8550,Faro,Monchique,Faro_Monchique,0.8622807017543859,0.11184210526315788,0.01118421052631579,0.014692982456140351
8700,Faro,Olhão,Faro_Olhão,0.8750455373406194,0.09614174532207319,0.013346580559695315,0.015466136777612187
8500,Faro,Portimão,Faro_Portimão,0.8536503149117359,0.12899849197196842,0.01373192584050386,0.0036192672757917148
8501,Faro,Portimão,Faro_Portimão,0.8536503149117359,0.12899849197196842,0.01373192584050386,0.0036192672757917148
8150,Faro,São Brás de Alportel,Faro_São Brás de Alportel,0.8725277529666965,0.10922546892943728,0.010845986984815618,0.007400791119050658
8365,Faro,Silves,Faro_Silves,0.8573163327261688,0.10628139316663908,0.017718165259148867,0.018684108848043276
8375,Faro,Silves,Faro_Silves,0.8573163327261688,0.10628139316663908,0.017718165259148867,0.018684108848043276
8300,Faro,Silves,Faro_Silves,0.8573163327261688,0.10628139316663908,0.017718165259148867,0.018684108848043276
8800,Faro,Tavira,Faro_Tavira,0.8440485499609016,0.12752864379696055,0.015095365994628226,0.013327440247509606
8801,Faro,Tavira,Faro_Tavira,0.8440485499609016,0.12752864379696055,0.015095365994628226,0.013327440247509606
8804,Faro,Tavira,Faro_Tavira,0.8440485499609016,0.12752864379696055,0.015095365994628226,0.013327440247509606
8650,Faro,Vila do Bispo,Faro_Vila do Bispo,0.8082453051643191,0.1722417840375587,0.012470657276995305,0.00704225352112676
8900,Faro,Vila Real de Santo António,Faro_Vila Real de Santo António,0.8822225011505794,0.09886615622777288,0.013681435923183131,0.005229906698464499
3570,Guarda,Aguiar da Beira,Guarda_Aguiar da Beira,0.8492257538712307,0.11797066014669928,0.013854930725346373,0.018948655256723717
6355,Guarda,Almeida,Guarda_Almeida,0.8935926773455377,0.08152173913043477,0.014588100686498856,0.010297482837528604
6350,Guarda,Almeida,Guarda_Almeida,0.8935926773455377,0.08152173913043477,0.014588100686498856,0.010297482837528604
6360,Guarda,Celorico da Beira,Guarda_Celorico da Beira,0.8850574712643678,0.0941890166028097,0.012132822477650063,0.008620689655172415
6440,Guarda,Figueira de Castelo Rodrigo,Guarda_Figueira de Castelo Rodrigo,0.8691449814126393,0.09516728624535316,0.015799256505576207,0.019888475836431226
6370,Guarda,Fornos de Algodres,Guarda_Fornos de Algodres,0.87323600973236,0.10802919708029197,0.01046228710462287,0.008272506082725062
6290,Guarda,Gouveia,Guarda_Gouveia,0.8849403122130395,0.09733700642791553,0.01019283746556474,0.007529843893480257
6294,Guarda,Gouveia,Guarda_Gouveia,0.8849403122130395,0.09733700642791553,0.01019283746556474,0.007529843893480257
6300,Guarda,Guarda,Guarda_Guarda,0.8680287675711017,0.1059496567505721,0.015854854527623405,0.010134030728996404
6301,Guarda,Guarda,Guarda_Guarda,0.8680287675711017,0.1059496567505721,0.015854854527623405,0.010134030728996404
6260,Guarda,Manteigas,Guarda_Manteigas,0.9050218340611353,0.07787481804949054,0.01601164483260553,0.001091703056768559
6264,Guarda,Manteigas,Guarda_Manteigas,0.9050218340611353,0.07787481804949054,0.01601164483260553,0.001091703056768559
6430,Guarda,Mêda,Guarda_Meda,0.8761377127028096,0.09873367629600317,0.01563118322121092,0.009497427779976256
6400,Guarda,Pinhel,Guarda_Pinhel,0.8849621348719797,0.08354369515566774,0.01923308089914653,0.012261089073205915
6320,Guarda,Sabugal,Guarda_Sabugal,0.9010914971028164,0.06818488074383507,0.01266675650181916,0.018056865651529443
6250,Guarda,Sabugal,Guarda_Sabugal,0.9010914971028164,0.06818488074383507,0.01266675650181916,0.018056865651529443
6324,Guarda,Sabugal,Guarda_Sabugal,0.9010914971028164,0.06818488074383507,0.01266675650181916,0.018056865651529443
6270,Guarda,Seia,Guarda_Seia,0.8661855442926398,0.11018069634200088,0.010962979286029087,0.0126707800793301
6274,Guarda,Seia,Guarda_Seia,0.8661855442926398,0.11018069634200088,0.010962979286029087,0.0126707800793301
6285,Guarda,Seia,Guarda_Seia,0.8661855442926398,0.11018069634200088,0.010962979286029087,0.0126707800793301
6420,Guarda,Trancoso,Guarda_Trancoso,0.8783899865014112,0.09596269480917904,0.014971162105779852,0.010676156583629894
3640,Guarda,Trancoso,Guarda_Trancoso,0.8783899865014112,0.09596269480917904,0.014971162105779852,0.010676156583629894
6424,Guarda,Trancoso,Guarda_Trancoso,0.8783899865014112,0.09596269480917904,0.014971162105779852,0.010676156583629894
5150,Guarda,Vila Nova de Foz Côa,Guarda_Vila Nova de Foz Côa,0.8870392390011891,0.08590963139120095,0.017835909631391204,0.009215219976218787
5155,Guarda,Vila Nova de Foz Côa,Guarda_Vila Nova de Foz Côa,0.8870392390011891,0.08590963139120095,0.017835909631391204,0.009215219976218787
9980,Ilha do Corvo,Corvo,Ilha do Corvo_Corvo,0.6596491228070175,0.3192982456140351,0.014035087719298246,0.007017543859649123
9900,Ilha do Faial,Horta,Ilha do Faial_Horta,0.8271812080536913,0.14980824544582935,0.014261744966442953,0.008748801534036434
9901,Ilha do Faial,Horta,Ilha do Faial_Horta,0.8271812080536913,0.14980824544582935,0.014261744966442953,0.008748801534036434
9904,Ilha do Faial,Horta,Ilha do Faial_Horta,0.8271812080536913,0.14980824544582935,0.014261744966442953,0.008748801534036434
9960,Ilha das Flores,Lajes das Flores,Ilha das Flores_Lajes das Flores,0.7591078066914497,0.21189591078066913,0.026765799256505574,0.0022304832713754648
9970,Ilha das Flores,Santa Cruz das Flores,Ilha das Flores_Santa Cruz das Flores,0.7925989672977624,0.18072289156626506,0.02323580034423408,0.0034423407917383822
9880,Ilha da Graciosa,Santa Cruz da Graciosa,Ilha da Graciosa_Santa Cruz da Graciosa,0.8360060514372163,0.13494704992435702,0.020574886535552193,0.008472012102874432
9370,Ilha da Madeira,Calheta_Madeira,Ilha da Madeira_Calheta ,0.8605927552140504,0.0991584339553604,0.015367727771679471,0.024881083058909622
9374,Ilha da Madeira,Calheta_Madeira,Ilha da Madeira_Calheta ,0.8605927552140504,0.0991584339553604,0.015367727771679471,0.024881083058909622
9385,Ilha da Madeira,Calheta_Madeira,Ilha da Madeira_Calheta ,0.8605927552140504,0.0991584339553604,0.015367727771679471,0.024881083058909622
9300,Ilha da Madeira,Câmara de Lobos,Ilha da Madeira_Câmara de Lobos,0.8673860076575008,0.0985729202923773,0.010929342151061606,0.023111729899060213
9304,Ilha da Madeira,Câmara de Lobos,Ilha da Madeira_Câmara de Lobos,0.8673860076575008,0.0985729202923773,0.010929342151061606,0.023111729899060213
9030,Ilha da Madeira,Câmara de Lobos,Ilha da Madeira_Câmara de Lobos,0.8673860076575008,0.0985729202923773,0.010929342151061606,0.023111729899060213
9325,Ilha da Madeira,Câmara de Lobos,Ilha da Madeira_Câmara de Lobos,0.8673860076575008,0.0985729202923773,0.010929342151061606,0.023111729899060213
9050,Ilha da Madeira,Funchal,Ilha da Madeira_Funchal,0.8267705976028833,0.16060682256307102,0.009169390662978795,0.003453189171066969
9054,Ilha da Madeira,Funchal,Ilha da Madeira_Funchal,0.8267705976028833,0.16060682256307102,0.009169390662978795,0.003453189171066969
9060,Ilha da Madeira,Funchal,Ilha da Madeira_Funchal,0.8267705976028833,0.16060682256307102,0.009169390662978795,0.003453189171066969
9004,Ilha da Madeira,Funchal,Ilha da Madeira_Funchal,0.8267705976028833,0.16060682256307102,0.009169390662978795,0.003453189171066969
9000,Ilha da Madeira,Funchal,Ilha da Madeira_Funchal,0.8267705976028833,0.16060682256307102,0.009169390662978795,0.003453189171066969
9064,Ilha da Madeira,Funchal,Ilha da Madeira_Funchal,0.8267705976028833,0.16060682256307102,0.009169390662978795,0.003453189171066969
9020,Ilha da Madeira,Funchal,Ilha da Madeira_Funchal,0.8267705976028833,0.16060682256307102,0.009169390662978795,0.003453189171066969
9024,Ilha da Madeira,Funchal,Ilha da Madeira_Funchal,0.8267705976028833,0.16060682256307102,0.009169390662978795,0.003453189171066969
9200,Ilha da Madeira,Machico,Ilha da Madeira_Machico,0.8474974175978964,0.12010517419476006,0.012865057751901587,0.019532350455441824
9225,Ilha da Madeira,Machico,Ilha da Madeira_Machico,0.8474974175978964,0.12010517419476006,0.012865057751901587,0.019532350455441824
9360,Ilha da Madeira,Ponta do Sol,Ilha da Madeira_Ponta do Sol,0.8468767274737424,0.0947116270499355,0.017873594988022847,0.04053805048829924
9270,Ilha da Madeira,Porto Moniz,Ilha da Madeira_Porto Moniz,0.8121267799724391,0.1483693155718879,0.007349563619660083,0.03215434083601286
9350,Ilha da Madeira,Ribeira Brava,Ilha da Madeira_Ribeira Brava,0.8639944713199723,0.10628887353144437,0.0110573600552868,0.018659295093296474
9135,Ilha da Madeira,Santa Cruz,Ilha da Madeira_Santa Cruz,0.8726808281796181,0.10692838576678318,0.010441875056018643,0.009948910997579994
9125,Ilha da Madeira,Santa Cruz,Ilha da Madeira_Santa Cruz,0.8726808281796181,0.10692838576678318,0.010441875056018643,0.009948910997579994
9100,Ilha da Madeira,Santa Cruz,Ilha da Madeira_Santa Cruz,0.8726808281796181,0.10692838576678318,0.010441875056018643,0.009948910997579994
9230,Ilha da Madeira,Santana,Ilha da Madeira_Santana,0.8397534668721109,0.11363636363636363,0.0075115562403697995,0.03909861325115562
9240,Ilha da Madeira,São Vicente,Ilha da Madeira_São Vicente,0.8341208654563542,0.11365332006963443,0.010942551604078588,0.04128326286993285
9930,Ilha do Pico,Lajes do Pico,Ilha do Pico_Lajes do Pico,0.8517851785178518,0.11251125112511251,0.03300330033003301,0.0027002700270027003
9934,Ilha do Pico,Lajes do Pico,Ilha do Pico_Lajes do Pico,0.8517851785178518,0.11251125112511251,0.03300330033003301,0.0027002700270027003
9950,Ilha do Pico,Madalena,Ilha do Pico_Madalena,0.8131546894031668,0.1456760048721072,0.03629719853836784,0.0048721071863581
9940,Ilha do Pico,São Roque do Pico,Ilha do Pico_São Roque do Pico,0.8331503841931943,0.11928283937065495,0.04500548847420417,0.0025612879619465786
9944,Ilha do Pico,São Roque do Pico,Ilha do Pico_São Roque do Pico,0.8331503841931943,0.11928283937065495,0.04500548847420417,0.0025612879619465786
9400,Ilha de Porto Santo,Porto Santo,Ilha de Porto Santo_Porto Santo,0.8615952429772402,0.12610211195407012,0.00799671929464835,0.00430592577404142
9580,Ilha de Santa Maria,Vila do Porto,Ilha de Santa Maria_Vila do Porto,0.8343434343434344,0.13914141414141415,0.01818181818181818,0.008333333333333333
9850,Ilha de São Jorge,Calheta_Azores,Ilha de São Jorge_Calheta ,0.876782884310618,0.10618066561014264,0.01386687797147385,0.003169572107765452
9875,Ilha de São Jorge,Calheta_Azores,Ilha de São Jorge_Calheta ,0.876782884310618,0.10618066561014264,0.01386687797147385,0.003169572107765452
9800,Ilha de São Jorge,Velas,Ilha de São Jorge_Velas,0.8390216154721274,0.1407849829351536,0.015927189988623434,0.004266211604095563
9804,Ilha de São Jorge,Velas,Ilha de São Jorge_Velas,0.8390216154721274,0.1407849829351536,0.015927189988623434,0.004266211604095563
9560,Ilha de São Miguel,Lagoa_Azores,Ilha de São Miguel_Lagoa ,0.8398729150119143,0.1283558379666402,0.02112787926926132,0.010643367752184274
9630,Ilha de São Miguel,Nordeste,Ilha de São Miguel_Nordeste,0.8500834724540902,0.130550918196995,0.011686143572621033,0.007679465776293823
9545,Ilha de São Miguel,Ponta Delgada,Ilha de São Miguel_Ponta Delgada,0.8335313722648893,0.1390523112592378,0.0184321112882191,0.008984205187653964
9500,Ilha de São Miguel,Ponta Delgada,Ilha de São Miguel_Ponta Delgada,0.8335313722648893,0.1390523112592378,0.0184321112882191,0.008984205187653964
9504,Ilha de São Miguel,Ponta Delgada,Ilha de São Miguel_Ponta Delgada,0.8335313722648893,0.1390523112592378,0.0184321112882191,0.008984205187653964
9555,Ilha de São Miguel,Ponta Delgada,Ilha de São Miguel_Ponta Delgada,0.8335313722648893,0.1390523112592378,0.0184321112882191,0.008984205187653964
9650,Ilha de São Miguel,Povoação,Ilha de São Miguel_Povoação,0.8453427065026363,0.12955059000753202,0.014812955059000753,0.010293748430831032
9675,Ilha de São Miguel,Povoação,Ilha de São Miguel_Povoação,0.8453427065026363,0.12955059000753202,0.014812955059000753,0.010293748430831032
9600,Ilha de São Miguel,Ribeira Grande,Ilha de São Miguel_Ribeira Grande,0.8499397045523063,0.11576725957190231,0.021781730479348806,0.012511305396442568
9625,Ilha de São Miguel,Ribeira Grande,Ilha de São Miguel_Ribeira Grande,0.8499397045523063,0.11576725957190231,0.021781730479348806,0.012511305396442568
9680,Ilha de São Miguel,Vila Franca do Campo,Ilha de São Miguel_Vila Franca do Campo,0.86312625250501,0.11482965931863728,0.011623246492985972,0.010420841683366733
9684,Ilha de São Miguel,Vila Franca do Campo,Ilha de São Miguel_Vila Franca do Campo,0.86312625250501,0.11482965931863728,0.011623246492985972,0.010420841683366733
9700,Ilha Terceira,Angra do Heroísmo,Ilha Terceira_Angra do Heroísmo,0.8383274467357866,0.13939842770878433,0.016691352398313774,0.005582773157115187
9701,Ilha Terceira,Angra do Heroísmo,Ilha Terceira_Angra do Heroísmo,0.8383274467357866,0.13939842770878433,0.016691352398313774,0.005582773157115187
9760,Ilha Terceira,Vila da Praia da Vitória,Ilha Terceira_Praia da Vitória,0.8619211776763254,0.12000372682381441,0.013043883350414608,0.005031212149445636
2460,Leiria,Alcobaça,Leiria_Alcobaça,0.8524459729993328,0.10579539038037061,0.025897027873312457,0.01586160874698424
2461,Leiria,Alcobaça,Leiria_Alcobaça,0.8524459729993328,0.10579539038037061,0.025897027873312457,0.01586160874698424
2475,Leiria,Alcobaça,Leiria_Alcobaça,0.8524459729993328,0.10579539038037061,0.025897027873312457,0.01586160874698424
2445,Leiria,Alcobaça,Leiria_Alcobaça,0.8524459729993328,0.10579539038037061,0.025897027873312457,0.01586160874698424
3250,Leiria,Alvaiázere,Leiria_Alvaiázere,0.8816949152542373,0.08338983050847457,0.014915254237288136,0.02
3254,Leiria,Alvaiázere,Leiria_Alvaiázere,0.8816949152542373,0.08338983050847457,0.014915254237288136,0.02
3260,Leiria,Alvaiázere,Leiria_Alvaiázere,0.8816949152542373,0.08338983050847457,0.014915254237288136,0.02
3240,Leiria,Ansião,Leiria_Ansião,0.8751658558160107,0.09752321981424149,0.015148164528969485,0.012162759840778418
2440,Leiria,Batalha,Leiria_Batalha,0.8427814029363784,0.11918841761827079,0.02375611745513866,0.014274061990212071
2495,Leiria,Batalha,Leiria_Batalha,0.8427814029363784,0.11918841761827079,0.02375611745513866,0.014274061990212071
2540,Leiria,Bombarral,Leiria_Bombarral,0.8593732322660935,0.10216087792736736,0.01798846023305804,0.020477429573481164
2500,Leiria,Caldas da Rainha,Leiria_Caldas da Rainha,0.8568989348727539,0.1150771065398271,0.017860530666449846,0.010163427920969184
2504,Leiria,Caldas da Rainha,Leiria_Caldas da Rainha,0.8568989348727539,0.1150771065398271,0.017860530666449846,0.010163427920969184
3280,Leiria,Castanheira de Pêra,Leiria_Castanheira de Pêra,0.8728236184708553,0.10333080999242997,0.01703255109765329,0.006813020439061317
3260,Leiria,Figueiró dos Vinhos,Leiria_Figueiró dos Vinhos,0.857197549770291,0.10643185298621746,0.010719754977029096,0.025650842266462484
2400,Leiria,Leiria,Leiria_Leiria,0.836213901927252,0.12884328493978095,0.02242598454802363,0.012516828584943419
2404,Leiria,Leiria,Leiria_Leiria,0.836213901927252,0.12884328493978095,0.02242598454802363,0.012516828584943419
2420,Leiria,Leiria,Leiria_Leiria,0.836213901927252,0.12884328493978095,0.02242598454802363,0.012516828584943419
2424,Leiria,Leiria,Leiria_Leiria,0.836213901927252,0.12884328493978095,0.02242598454802363,0.012516828584943419
2425,Leiria,Leiria,Leiria_Leiria,0.836213901927252,0.12884328493978095,0.02242598454802363,0.012516828584943419
2410,Leiria,Leiria,Leiria_Leiria,0.836213901927252,0.12884328493978095,0.02242598454802363,0.012516828584943419
2415,Leiria,Leiria,Leiria_Leiria,0.836213901927252,0.12884328493978095,0.02242598454802363,0.012516828584943419
2419,Leiria,Leiria,Leiria_Leiria,0.836213901927252,0.12884328493978095,0.02242598454802363,0.012516828584943419
2423,Leiria,Leiria,Leiria_Leiria,0.836213901927252,0.12884328493978095,0.02242598454802363,0.012516828584943419
2495,Leiria,Leiria,Leiria_Leiria,0.836213901927252,0.12884328493978095,0.02242598454802363,0.012516828584943419
2414,Leiria,Leiria,Leiria_Leiria,0.836213901927252,0.12884328493978095,0.02242598454802363,0.012516828584943419
2405,Leiria,Leiria,Leiria_Leiria,0.836213901927252,0.12884328493978095,0.02242598454802363,0.012516828584943419
2499,Leiria,Leiria,Leiria_Leiria,0.836213901927252,0.12884328493978095,0.02242598454802363,0.012516828584943419
2430,Leiria,Marinha Grande,Leiria_Marinha Grande,0.869256390705887,0.0986797223002528,0.027569324611742045,0.004494562382118062
2434,Leiria,Marinha Grande,Leiria_Marinha Grande,0.869256390705887,0.0986797223002528,0.027569324611742045,0.004494562382118062
2445,Leiria,Marinha Grande,Leiria_Marinha Grande,0.869256390705887,0.0986797223002528,0.027569324611742045,0.004494562382118062
2450,Leiria,Nazaré,Leiria_Nazaré,0.8827785817655571,0.09788185765030916,0.015326930667017496,0.004012629917116169
2510,Leiria,Óbidos,Leiria_Óbidos,0.8236874940013438,0.1327382666282753,0.030809098761877343,0.012765140608503695
3270,Leiria,Pedrógão Grande,Leiria_Pedrógão Grande,0.8631964425843579,0.0878890923358619,0.013863458017263929,0.035051007062516355
2525,Leiria,Peniche,Leiria_Peniche,0.8749733122678167,0.09552073103035996,0.01541483410905675,0.014091122592766557
2520,Leiria,Peniche,Leiria_Peniche,0.8749733122678167,0.09552073103035996,0.01541483410905675,0.014091122592766557
3100,Leiria,Pombal,Leiria_Pombal,0.8542328184704806,0.10682955707443087,0.01913244712340563,0.01977826812335181
3105,Leiria,Pombal,Leiria_Pombal,0.8542328184704806,0.10682955707443087,0.01913244712340563,0.01977826812335181
3104,Leiria,Pombal,Leiria_Pombal,0.8542328184704806,0.10682955707443087,0.01913244712340563,0.01977826812335181
2480,Leiria,Porto de Mós,Leiria_Porto de Mós,0.8598156745894255,0.10505162497401427,0.020788580139976438,0.014344120296583744
2485,Leiria,Porto de Mós,Leiria_Porto de Mós,0.8598156745894255,0.10505162497401427,0.020788580139976438,0.014344120296583744
2484,Leiria,Porto de Mós,Leiria_Porto de Mós,0.8598156745894255,0.10505162497401427,0.020788580139976438,0.014344120296583744
2580,Lisboa,Alenquer,Lisboa_Alenquer,0.8785538075787601,0.09758563513568164,0.018967120960892953,0.004893436324665345
2581,Lisboa,Alenquer,Lisboa_Alenquer,0.8785538075787601,0.09758563513568164,0.018967120960892953,0.004893436324665345
2584,Lisboa,Alenquer,Lisboa_Alenquer,0.8785538075787601,0.09758563513568164,0.018967120960892953,0.004893436324665345
2650,Lisboa,Amadora,Lisboa_Amadora,0.8916006790205028,0.09755328989499579,0.009849863281051465,9.758378482775446e-4
2614,Lisboa,Amadora,Lisboa_Amadora,0.8916006790205028,0.09755328989499579,0.009849863281051465,9.758378482775446e-4
2610,Lisboa,Amadora,Lisboa_Amadora,0.8916006790205028,0.09755328989499579,0.009849863281051465,9.758378482775446e-4
2700,Lisboa,Amadora,Lisboa_Amadora,0.8916006790205028,0.09755328989499579,0.009849863281051465,9.758378482775446e-4
2720,Lisboa,Amadora,Lisboa_Amadora,0.8916006790205028,0.09755328989499579,0.009849863281051465,9.758378482775446e-4
2704,Lisboa,Amadora,Lisboa_Amadora,0.8916006790205028,0.09755328989499579,0.009849863281051465,9.758378482775446e-4
2724,Lisboa,Amadora,Lisboa_Amadora,0.8916006790205028,0.09755328989499579,0.009849863281051465,9.758378482775446e-4
2654,Lisboa,Amadora,Lisboa_Amadora,0.8916006790205028,0.09755328989499579,0.009849863281051465,9.758378482775446e-4
2630,Lisboa,Arruda dos Vinhos,Lisboa_Arruda dos Vinhos,0.8552941176470589,0.11869281045751634,0.021960784313725494,0.004052287581699347
2634,Lisboa,Arruda dos Vinhos,Lisboa_Arruda dos Vinhos,0.8552941176470589,0.11869281045751634,0.021960784313725494,0.004052287581699347
2065,Lisboa,Azambuja,Lisboa_Azambuja,0.8717491695697966,0.09470955197277808,0.017904885360123145,0.015636393097302113
2050,Lisboa,Azambuja,Lisboa_Azambuja,0.8717491695697966,0.09470955197277808,0.017904885360123145,0.015636393097302113
2054,Lisboa,Azambuja,Lisboa_Azambuja,0.8717491695697966,0.09470955197277808,0.017904885360123145,0.015636393097302113
2550,Lisboa,Cadaval,Lisboa_Cadaval,0.8841197256287674,0.08553315319060485,0.01465391810434421,0.015693203076283517
2755,Lisboa,Cascais,Lisboa_Cascais,0.8832323581115019,0.10372457307885487,0.011300853842290307,0.0017265193370165747
2645,Lisboa,Cascais,Lisboa_Cascais,0.8832323581115019,0.10372457307885487,0.011300853842290307,0.0017265193370165747
2649,Lisboa,Cascais,Lisboa_Cascais,0.8832323581115019,0.10372457307885487,0.011300853842290307,0.0017265193370165747
2756,Lisboa,Cascais,Lisboa_Cascais,0.8832323581115019,0.10372457307885487,0.011300853842290307,0.0017265193370165747
2775,Lisboa,Cascais,Lisboa_Cascais,0.8832323581115019,0.10372457307885487,0.011300853842290307,0.0017265193370165747
2750,Lisboa,Cascais,Lisboa_Cascais,0.8832323581115019,0.10372457307885487,0.011300853842290307,0.0017265193370165747
2765,Lisboa,Cascais,Lisboa_Cascais,0.8832323581115019,0.10372457307885487,0.011300853842290307,0.0017265193370165747
2769,Lisboa,Cascais,Lisboa_Cascais,0.8832323581115019,0.10372457307885487,0.011300853842290307,0.0017265193370165747
2785,Lisboa,Cascais,Lisboa_Cascais,0.8832323581115019,0.10372457307885487,0.011300853842290307,0.0017265193370165747
2779,Lisboa,Cascais,Lisboa_Cascais,0.8832323581115019,0.10372457307885487,0.011300853842290307,0.0017265193370165747
2754,Lisboa,Cascais,Lisboa_Cascais,0.8832323581115019,0.10372457307885487,0.011300853842290307,0.0017265193370165747
2789,Lisboa,Cascais,Lisboa_Cascais,0.8832323581115019,0.10372457307885487,0.011300853842290307,0.0017265193370165747
1300,Lisboa,Lisboa,Lisboa_Lisboa,0.8315036881571439,0.15427092672589451,0.012213199934795011,0.001956149645447877
1400,Lisboa,Lisboa,Lisboa_Lisboa,0.8315036881571439,0.15427092672589451,0.012213199934795011,0.001956149645447877
1349,Lisboa,Lisboa,Lisboa_Lisboa,0.8315036881571439,0.15427092672589451,0.012213199934795011,0.001956149645447877
1070,Lisboa,Lisboa,Lisboa_Lisboa,0.8315036881571439,0.15427092672589451,0.012213199934795011,0.001956149645447877
1350,Lisboa,Lisboa,Lisboa_Lisboa,0.8315036881571439,0.15427092672589451,0.012213199934795011,0.001956149645447877
1449,Lisboa,Lisboa,Lisboa_Lisboa,0.8315036881571439,0.15427092672589451,0.012213199934795011,0.001956149645447877
1900,Lisboa,Lisboa,Lisboa_Lisboa,0.8315036881571439,0.15427092672589451,0.012213199934795011,0.001956149645447877
1949,Lisboa,Lisboa,Lisboa_Lisboa,0.8315036881571439,0.15427092672589451,0.012213199934795011,0.001956149645447877
1000,Lisboa,Lisboa,Lisboa_Lisboa,0.8315036881571439,0.15427092672589451,0.012213199934795011,0.001956149645447877
1049,Lisboa,Lisboa,Lisboa_Lisboa,0.8315036881571439,0.15427092672589451,0.012213199934795011,0.001956149645447877
1700,Lisboa,Lisboa,Lisboa_Lisboa,0.8315036881571439,0.15427092672589451,0.012213199934795011,0.001956149645447877
1749,Lisboa,Lisboa,Lisboa_Lisboa,0.8315036881571439,0.15427092672589451,0.012213199934795011,0.001956149645447877
1150,Lisboa,Lisboa,Lisboa_Lisboa,0.8315036881571439,0.15427092672589451,0.012213199934795011,0.001956149645447877
1169,Lisboa,Lisboa,Lisboa_Lisboa,0.8315036881571439,0.15427092672589451,0.012213199934795011,0.001956149645447877
1600,Lisboa,Lisboa,Lisboa_Lisboa,0.8315036881571439,0.15427092672589451,0.012213199934795011,0.001956149645447877
1050,Lisboa,Lisboa,Lisboa_Lisboa,0.8315036881571439,0.15427092672589451,0.012213199934795011,0.001956149645447877
1069,Lisboa,Lisboa,Lisboa_Lisboa,0.8315036881571439,0.15427092672589451,0.012213199934795011,0.001956149645447877
1649,Lisboa,Lisboa,Lisboa_Lisboa,0.8315036881571439,0.15427092672589451,0.012213199934795011,0.001956149645447877
1750,Lisboa,Lisboa,Lisboa_Lisboa,0.8315036881571439,0.15427092672589451,0.012213199934795011,0.001956149645447877
1769,Lisboa,Lisboa,Lisboa_Lisboa,0.8315036881571439,0.15427092672589451,0.012213199934795011,0.001956149645447877
1500,Lisboa,Lisboa,Lisboa_Lisboa,0.8315036881571439,0.15427092672589451,0.012213199934795011,0.001956149645447877
1170,Lisboa,Lisboa,Lisboa_Lisboa,0.8315036881571439,0.15427092672589451,0.012213199934795011,0.001956149645447877
1199,Lisboa,Lisboa,Lisboa_Lisboa,0.8315036881571439,0.15427092672589451,0.012213199934795011,0.001956149645447877
1100,Lisboa,Lisboa,Lisboa_Lisboa,0.8315036881571439,0.15427092672589451,0.012213199934795011,0.001956149645447877
1149,Lisboa,Lisboa,Lisboa_Lisboa,0.8315036881571439,0.15427092672589451,0.012213199934795011,0.001956149645447877
1950,Lisboa,Lisboa,Lisboa_Lisboa,0.8315036881571439,0.15427092672589451,0.012213199934795011,0.001956149645447877
1549,Lisboa,Lisboa,Lisboa_Lisboa,0.8315036881571439,0.15427092672589451,0.012213199934795011,0.001956149645447877
1800,Lisboa,Lisboa,Lisboa_Lisboa,0.8315036881571439,0.15427092672589451,0.012213199934795011,0.001956149645447877
1099,Lisboa,Lisboa,Lisboa_Lisboa,0.8315036881571439,0.15427092672589451,0.012213199934795011,0.001956149645447877
1098,Lisboa,Lisboa,Lisboa_Lisboa,0.8315036881571439,0.15427092672589451,0.012213199934795011,0.001956149645447877
1250,Lisboa,Lisboa,Lisboa_Lisboa,0.8315036881571439,0.15427092672589451,0.012213199934795011,0.001956149645447877
1269,Lisboa,Lisboa,Lisboa_Lisboa,0.8315036881571439,0.15427092672589451,0.012213199934795011,0.001956149645447877
1200,Lisboa,Lisboa,Lisboa_Lisboa,0.8315036881571439,0.15427092672589451,0.012213199934795011,0.001956149645447877
1249,Lisboa,Lisboa,Lisboa_Lisboa,0.8315036881571439,0.15427092672589451,0.012213199934795011,0.001956149645447877
1399,Lisboa,Lisboa,Lisboa_Lisboa,0.8315036881571439,0.15427092672589451,0.012213199934795011,0.001956149645447877
1849,Lisboa,Lisboa,Lisboa_Lisboa,0.8315036881571439,0.15427092672589451,0.012213199934795011,0.001956149645447877
1959,Lisboa,Lisboa,Lisboa_Lisboa,0.8315036881571439,0.15427092672589451,0.012213199934795011,0.001956149645447877
1067,Lisboa,Lisboa,Lisboa_Lisboa,0.8315036881571439,0.15427092672589451,0.012213199934795011,0.001956149645447877
1990,Lisboa,Lisboa,Lisboa_Lisboa,0.8315036881571439,0.15427092672589451,0.012213199934795011,0.001956149645447877
1998,Lisboa,Lisboa,Lisboa_Lisboa,0.8315036881571439,0.15427092672589451,0.012213199934795011,0.001956149645447877
1999,Lisboa,Lisboa,Lisboa_Lisboa,0.8315036881571439,0.15427092672589451,0.012213199934795011,0.001956149645447877
1748,Lisboa,Lisboa,Lisboa_Lisboa,0.8315036881571439,0.15427092672589451,0.012213199934795011,0.001956149645447877
1068,Lisboa,Lisboa,Lisboa_Lisboa,0.8315036881571439,0.15427092672589451,0.012213199934795011,0.001956149645447877
2680,Lisboa,Loures,Lisboa_Loures,0.8811398199805236,0.10215058656497719,0.01366983081081573,0.0030397626436833914
2695,Lisboa,Loures,Lisboa_Loures,0.8811398199805236,0.10215058656497719,0.01366983081081573,0.0030397626436833914
2699,Lisboa,Loures,Lisboa_Loures,0.8811398199805236,0.10215058656497719,0.01366983081081573,0.0030397626436833914
2670,Lisboa,Loures,Lisboa_Loures,0.8811398199805236,0.10215058656497719,0.01366983081081573,0.0030397626436833914
2674,Lisboa,Loures,Lisboa_Loures,0.8811398199805236,0.10215058656497719,0.01366983081081573,0.0030397626436833914
2681,Lisboa,Loures,Lisboa_Loures,0.8811398199805236,0.10215058656497719,0.01366983081081573,0.0030397626436833914
2660,Lisboa,Loures,Lisboa_Loures,0.8811398199805236,0.10215058656497719,0.01366983081081573,0.0030397626436833914
1885,Lisboa,Loures,Lisboa_Loures,0.8811398199805236,0.10215058656497719,0.01366983081081573,0.0030397626436833914
1886,Lisboa,Loures,Lisboa_Loures,0.8811398199805236,0.10215058656497719,0.01366983081081573,0.0030397626436833914
2685,Lisboa,Loures,Lisboa_Loures,0.8811398199805236,0.10215058656497719,0.01366983081081573,0.0030397626436833914
2689,Lisboa,Loures,Lisboa_Loures,0.8811398199805236,0.10215058656497719,0.01366983081081573,0.0030397626436833914
2688,Lisboa,Loures,Lisboa_Loures,0.8811398199805236,0.10215058656497719,0.01366983081081573,0.0030397626436833914
2690,Lisboa,Loures,Lisboa_Loures,0.8811398199805236,0.10215058656497719,0.01366983081081573,0.0030397626436833914
2694,Lisboa,Loures,Lisboa_Loures,0.8811398199805236,0.10215058656497719,0.01366983081081573,0.0030397626436833914
2691,Lisboa,Loures,Lisboa_Loures,0.8811398199805236,0.10215058656497719,0.01366983081081573,0.0030397626436833914
2664,Lisboa,Loures,Lisboa_Loures,0.8811398199805236,0.10215058656497719,0.01366983081081573,0.0030397626436833914
2530,Lisboa,Lourinhã,Lisboa_Lourinhã,0.8762557805772604,0.09349917610163185,0.018178918832722053,0.01206612448838569
2665,Lisboa,Mafra,Lisboa_Mafra,0.8729669714125673,0.10290675575649669,0.01366355252365615,0.010462720307279893
2655,Lisboa,Mafra,Lisboa_Mafra,0.8729669714125673,0.10290675575649669,0.01366355252365615,0.010462720307279893
2640,Lisboa,Mafra,Lisboa_Mafra,0.8729669714125673,0.10290675575649669,0.01366355252365615,0.010462720307279893
2644,Lisboa,Mafra,Lisboa_Mafra,0.8729669714125673,0.10290675575649669,0.01366355252365615,0.010462720307279893
2659,Lisboa,Mafra,Lisboa_Mafra,0.8729669714125673,0.10290675575649669,0.01366355252365615,0.010462720307279893
2669,Lisboa,Mafra,Lisboa_Mafra,0.8729669714125673,0.10290675575649669,0.01366355252365615,0.010462720307279893
1685,Lisboa,Odivelas,Lisboa_Odivelas,0.8958936723773993,0.09147808158656913,0.011327377153797065,0.001300868882234549
2620,Lisboa,Odivelas,Lisboa_Odivelas,0.8958936723773993,0.09147808158656913,0.011327377153797065,0.001300868882234549
1689,Lisboa,Odivelas,Lisboa_Odivelas,0.8958936723773993,0.09147808158656913,0.011327377153797065,0.001300868882234549
2675,Lisboa,Odivelas,Lisboa_Odivelas,0.8958936723773993,0.09147808158656913,0.011327377153797065,0.001300868882234549
1675,Lisboa,Odivelas,Lisboa_Odivelas,0.8958936723773993,0.09147808158656913,0.011327377153797065,0.001300868882234549
1679,Lisboa,Odivelas,Lisboa_Odivelas,0.8958936723773993,0.09147808158656913,0.011327377153797065,0.001300868882234549
2621,Lisboa,Odivelas,Lisboa_Odivelas,0.8958936723773993,0.09147808158656913,0.011327377153797065,0.001300868882234549
1495,Lisboa,Oeiras,Lisboa_Oeiras,0.8745090795971536,0.11405879379398841,0.010110043939806353,0.0012831978846677295
1499,Lisboa,Oeiras,Lisboa_Oeiras,0.8745090795971536,0.11405879379398841,0.010110043939806353,0.0012831978846677295
2790,Lisboa,Oeiras,Lisboa_Oeiras,0.8745090795971536,0.11405879379398841,0.010110043939806353,0.0012831978846677295
2760,Lisboa,Oeiras,Lisboa_Oeiras,0.8745090795971536,0.11405879379398841,0.010110043939806353,0.0012831978846677295
2730,Lisboa,Oeiras,Lisboa_Oeiras,0.8745090795971536,0.11405879379398841,0.010110043939806353,0.0012831978846677295
2734,Lisboa,Oeiras,Lisboa_Oeiras,0.8745090795971536,0.11405879379398841,0.010110043939806353,0.0012831978846677295
2794,Lisboa,Oeiras,Lisboa_Oeiras,0.8745090795971536,0.11405879379398841,0.010110043939806353,0.0012831978846677295
2761,Lisboa,Oeiras,Lisboa_Oeiras,0.8745090795971536,0.11405879379398841,0.010110043939806353,0.0012831978846677295
2795,Lisboa,Oeiras,Lisboa_Oeiras,0.8745090795971536,0.11405879379398841,0.010110043939806353,0.0012831978846677295
2799,Lisboa,Oeiras,Lisboa_Oeiras,0.8745090795971536,0.11405879379398841,0.010110043939806353,0.0012831978846677295
2780,Lisboa,Oeiras,Lisboa_Oeiras,0.8745090795971536,0.11405879379398841,0.010110043939806353,0.0012831978846677295
2784,Lisboa,Oeiras,Lisboa_Oeiras,0.8745090795971536,0.11405879379398841,0.010110043939806353,0.0012831978846677295
2770,Lisboa,Oeiras,Lisboa_Oeiras,0.8745090795971536,0.11405879379398841,0.010110043939806353,0.0012831978846677295
2774,Lisboa,Oeiras,Lisboa_Oeiras,0.8745090795971536,0.11405879379398841,0.010110043939806353,0.0012831978846677295
2740,Lisboa,Oeiras,Lisboa_Oeiras,0.8745090795971536,0.11405879379398841,0.010110043939806353,0.0012831978846677295
2744,Lisboa,Oeiras,Lisboa_Oeiras,0.8745090795971536,0.11405879379398841,0.010110043939806353,0.0012831978846677295
2735,Lisboa,Sintra,Lisboa_Sintra,0.8912979687652832,0.09451925271429037,0.01205419731062847,0.002123923482861894
2739,Lisboa,Sintra,Lisboa_Sintra,0.8912979687652832,0.09451925271429037,0.01205419731062847,0.002123923482861894
2725,Lisboa,Sintra,Lisboa_Sintra,0.8912979687652832,0.09451925271429037,0.01205419731062847,0.002123923482861894
2729,Lisboa,Sintra,Lisboa_Sintra,0.8912979687652832,0.09451925271429037,0.01205419731062847,0.002123923482861894
2605,Lisboa,Sintra,Lisboa_Sintra,0.8912979687652832,0.09451925271429037,0.01205419731062847,0.002123923482861894
2715,Lisboa,Sintra,Lisboa_Sintra,0.8912979687652832,0.09451925271429037,0.01205419731062847,0.002123923482861894
2609,Lisboa,Sintra,Lisboa_Sintra,0.8912979687652832,0.09451925271429037,0.01205419731062847,0.002123923482861894
2745,Lisboa,Sintra,Lisboa_Sintra,0.8912979687652832,0.09451925271429037,0.01205419731062847,0.002123923482861894
2705,Lisboa,Sintra,Lisboa_Sintra,0.8912979687652832,0.09451925271429037,0.01205419731062847,0.002123923482861894
2710,Lisboa,Sintra,Lisboa_Sintra,0.8912979687652832,0.09451925271429037,0.01205419731062847,0.002123923482861894
2749,Lisboa,Sintra,Lisboa_Sintra,0.8912979687652832,0.09451925271429037,0.01205419731062847,0.002123923482861894
2718,Lisboa,Sintra,Lisboa_Sintra,0.8912979687652832,0.09451925271429037,0.01205419731062847,0.002123923482861894
2635,Lisboa,Sintra,Lisboa_Sintra,0.8912979687652832,0.09451925271429037,0.01205419731062847,0.002123923482861894
2639,Lisboa,Sintra,Lisboa_Sintra,0.8912979687652832,0.09451925271429037,0.01205419731062847,0.002123923482861894
2709,Lisboa,Sintra,Lisboa_Sintra,0.8912979687652832,0.09451925271429037,0.01205419731062847,0.002123923482861894
2714,Lisboa,Sintra,Lisboa_Sintra,0.8912979687652832,0.09451925271429037,0.01205419731062847,0.002123923482861894
2719,Lisboa,Sintra,Lisboa_Sintra,0.8912979687652832,0.09451925271429037,0.01205419731062847,0.002123923482861894
2706,Lisboa,Sintra,Lisboa_Sintra,0.8912979687652832,0.09451925271429037,0.01205419731062847,0.002123923482861894
2590,Lisboa,Sobral de Monte Agraço,Lisboa_Sobral de Monte Agraço,0.870458404074703,0.10424448217317486,0.020033955857385398,0.005263157894736842
2594,Lisboa,Sobral de Monte Agraço,Lisboa_Sobral de Monte Agraço,0.870458404074703,0.10424448217317486,0.020033955857385398,0.005263157894736842
2560,Lisboa,Torres Vedras,Lisboa_Torres Vedras,0.8636442725954567,0.10360560657322378,0.02169163847269212,0.011058482358627355
2565,Lisboa,Torres Vedras,Lisboa_Torres Vedras,0.8636442725954567,0.10360560657322378,0.02169163847269212,0.011058482358627355
2600,Lisboa,Vila Franca de Xira,Lisboa_Vila Franca de Xira,0.8822909707590318,0.10179094506398068,0.01287322061770903,0.003032016033711907
2601,Lisboa,Vila Franca de Xira,Lisboa_Vila Franca de Xira,0.8822909707590318,0.10179094506398068,0.01287322061770903,0.003032016033711907
2615,Lisboa,Vila Franca de Xira,Lisboa_Vila Franca de Xira,0.8822909707590318,0.10179094506398068,0.01287322061770903,0.003032016033711907
2619,Lisboa,Vila Franca de Xira,Lisboa_Vila Franca de Xira,0.8822909707590318,0.10179094506398068,0.01287322061770903,0.003032016033711907
2625,Lisboa,Vila Franca de Xira,Lisboa_Vila Franca de Xira,0.8822909707590318,0.10179094506398068,0.01287322061770903,0.003032016033711907
2626,Lisboa,Vila Franca de Xira,Lisboa_Vila Franca de Xira,0.8822909707590318,0.10179094506398068,0.01287322061770903,0.003032016033711907
2628,Lisboa,Vila Franca de Xira,Lisboa_Vila Franca de Xira,0.8822909707590318,0.10179094506398068,0.01287322061770903,0.003032016033711907
2629,Lisboa,Vila Franca de Xira,Lisboa_Vila Franca de Xira,0.8822909707590318,0.10179094506398068,0.01287322061770903,0.003032016033711907
7440,Portalegre,Alter do Chão,Portalegre_Alter do Chão,0.877508650519031,0.08581314878892733,0.020069204152249134,0.016608996539792385
7340,Portalegre,Arronches,Portalegre_Arronches,0.8585726718885988,0.1053089643167972,0.01392515230635335,0.022193211488250653
7480,Portalegre,Avis,Portalegre_Avis,0.8381102362204724,0.10897637795275592,0.016062992125984252,0.0368503937007874
7370,Portalegre,Campo Maior,Portalegre_Campo Maior,0.8706766917293234,0.0900375939849624,0.012406015037593985,0.026879699248120302
7374,Portalegre,Campo Maior,Portalegre_Campo Maior,0.8706766917293234,0.0900375939849624,0.012406015037593985,0.026879699248120302
7320,Portalegre,Castelo de Vide,Portalegre_Castelo de Vide,0.8772048846675712,0.10413839891451832,0.0101763907734057,0.008480325644504749
7430,Portalegre,Crato,Portalegre_Crato,0.8842870692380651,0.09326588681631362,0.012962377489724944,0.0094846664558963
7350,Portalegre,Elvas,Portalegre_Elvas,0.8578695391980851,0.10136146020347098,0.018850987432675045,0.021918013165769003
7354,Portalegre,Elvas,Portalegre_Elvas,0.8578695391980851,0.10136146020347098,0.018850987432675045,0.021918013165769003
7460,Portalegre,Fronteira,Portalegre_Fronteira,0.8536203522504893,0.10450097847358121,0.018395303326810174,0.023483365949119376
7464,Portalegre,Fronteira,Portalegre_Fronteira,0.8536203522504893,0.10450097847358121,0.018395303326810174,0.023483365949119376
6040,Portalegre,Gavião,Portalegre_Gavião,0.8803977272727272,0.08863636363636364,0.022727272727272728,0.008238636363636365
7330,Portalegre,Marvão,Portalegre_Marvão,0.8610914245216158,0.09957476966690292,0.019844082211197732,0.019489723600283487
7450,Portalegre,Monforte,Portalegre_Monforte,0.8590724898694281,0.10760918505177847,0.00810445745159838,0.025213867627194953
6050,Portalegre,Nisa,Portalegre_Nisa,0.8983075576305807,0.08126641377297929,0.011088415523781734,0.009337613072658303
7425,Portalegre,Ponte de Sor,Portalegre_Ponte de Sor,0.8623533724340177,0.10502199413489736,0.015579178885630499,0.017045454545454544
7400,Portalegre,Ponte de Sor,Portalegre_Ponte de Sor,0.8623533724340177,0.10502199413489736,0.015579178885630499,0.017045454545454544
7300,Portalegre,Portalegre,Portalegre_Portalegre,0.860355180784464,0.11996933691069375,0.012392998594608406,0.007282483710233807
7301,Portalegre,Portalegre,Portalegre_Portalegre,0.860355180784464,0.11996933691069375,0.012392998594608406,0.007282483710233807
7470,Portalegre,Sousel,Portalegre_Sousel,0.8679192372406057,0.0888951205832866,0.012619181155356141,0.03056646102075154
4600,Porto,Amarante,Porto_Amarante,0.8833517786561266,0.09008695652173912,0.01767588932806324,0.008885375494071146
4605,Porto,Amarante,Porto_Amarante,0.8833517786561266,0.09008695652173912,0.01767588932806324,0.008885375494071146
4615,Porto,Amarante,Porto_Amarante,0.8833517786561266,0.09008695652173912,0.01767588932806324,0.008885375494071146
4640,Porto,Baião,Porto_Baião,0.9051419929423626,0.07124852965888086,0.016299781549319443,0.007309695849437069
5040,Porto,Baião,Porto_Baião,0.9051419929423626,0.07124852965888086,0.016299781549319443,0.007309695849437069
4650,Porto,Felgueiras,Porto_Felgueiras,0.8519287940112469,0.1044808195135929,0.029370679465596905,0.014219707009563381
4615,Porto,Felgueiras,Porto_Felgueiras,0.8519287940112469,0.1044808195135929,0.029370679465596905,0.014219707009563381
4610,Porto,Felgueiras,Porto_Felgueiras,0.8519287940112469,0.1044808195135929,0.029370679465596905,0.014219707009563381
4614,Porto,Felgueiras,Porto_Felgueiras,0.8519287940112469,0.1044808195135929,0.029370679465596905,0.014219707009563381
4620,Porto,Lousada,Porto_Lousada,0.8467012801002595,0.11113597708351983,0.03298719899740399,0.009175543818816578
4815,Porto,Felgueiras,Porto_Felgueiras,0.8519287940112469,0.1044808195135929,0.029370679465596905,0.014219707009563381
4435,Porto,Gondomar,Porto_Gondomar,0.8898889383565765,0.09168902739841409,0.014776131974442585,0.003621836909044966
4510,Porto,Gondomar,Porto_Gondomar,0.8898889383565765,0.09168902739841409,0.014776131974442585,0.003621836909044966
4515,Porto,Gondomar,Porto_Gondomar,0.8898889383565765,0.09168902739841409,0.014776131974442585,0.003621836909044966
4420,Porto,Gondomar,Porto_Gondomar,0.8898889383565765,0.09168902739841409,0.014776131974442585,0.003621836909044966
4424,Porto,Gondomar,Porto_Gondomar,0.8898889383565765,0.09168902739841409,0.014776131974442585,0.003621836909044966
4624,Porto,Lousada,Porto_Lousada,0.8467012801002595,0.11113597708351983,0.03298719899740399,0.009175543818816578
4650,Porto,Lousada,Porto_Lousada,0.8467012801002595,0.11113597708351983,0.03298719899740399,0.009175543818816578
4425,Porto,Maia,Porto_Maia,0.8497389532662677,0.12514679457249175,0.02105352519207097,0.004018280345798492
4475,Porto,Maia,Porto_Maia,0.8497389532662677,0.12514679457249175,0.02105352519207097,0.004018280345798492
4470,Porto,Maia,Porto_Maia,0.8497389532662677,0.12514679457249175,0.02105352519207097,0.004018280345798492
4477,Porto,Maia,Porto_Maia,0.8497389532662677,0.12514679457249175,0.02105352519207097,0.004018280345798492
4479,Porto,Maia,Porto_Maia,0.8497389532662677,0.12514679457249175,0.02105352519207097,0.004018280345798492
4471,Porto,Maia,Porto_Maia,0.8497389532662677,0.12514679457249175,0.02105352519207097,0.004018280345798492
4474,Porto,Maia,Porto_Maia,0.8497389532662677,0.12514679457249175,0.02105352519207097,0.004018280345798492
4575,Porto,Marco de Canaveses,Porto_Marco de Canaveses,0.8613720573374752,0.10505632695834426,0.02687226318350238,0.00669935252067817
4625,Porto,Marco de Canaveses,Porto_Marco de Canaveses,0.8613720573374752,0.10505632695834426,0.02687226318350238,0.00669935252067817
4630,Porto,Marco de Canaveses,Porto_Marco de Canaveses,0.8613720573374752,0.10505632695834426,0.02687226318350238,0.00669935252067817
4635,Porto,Marco de Canaveses,Porto_Marco de Canaveses,0.8613720573374752,0.10505632695834426,0.02687226318350238,0.00669935252067817
4634,Porto,Marco de Canaveses,Porto_Marco de Canaveses,0.8613720573374752,0.10505632695834426,0.02687226318350238,0.00669935252067817
4460,Porto,Matosinhos,Porto_Matosinhos,0.8559775866346869,0.126571416756265,0.015104209742783889,0.002326110329997519
4465,Porto,Matosinhos,Porto_Matosinhos,0.8559775866346869,0.126571416756265,0.015104209742783889,0.002326110329997519
4455,Porto,Matosinhos,Porto_Matosinhos,0.8559775866346869,0.126571416756265,0.015104209742783889,0.002326110329997519
4450,Porto,Matosinhos,Porto_Matosinhos,0.8559775866346869,0.126571416756265,0.015104209742783889,0.002326110329997519
4454,Porto,Matosinhos,Porto_Matosinhos,0.8559775866346869,0.126571416756265,0.015104209742783889,0.002326110329997519
4459,Porto,Matosinhos,Porto_Matosinhos,0.8559775866346869,0.126571416756265,0.015104209742783889,0.002326110329997519
4458,Porto,Matosinhos,Porto_Matosinhos,0.8559775866346869,0.126571416756265,0.015104209742783889,0.002326110329997519
4464,Porto,Matosinhos,Porto_Matosinhos,0.8559775866346869,0.126571416756265,0.015104209742783889,0.002326110329997519
4595,Porto,Paços de Ferreira,Porto_Paços de Ferreira,0.8196005717155328,0.14068837640514545,0.03152161316490903,0.008189438714412639
4590,Porto,Paços de Ferreira,Porto_Paços de Ferreira,0.8196005717155328,0.14068837640514545,0.03152161316490903,0.008189438714412639
4594,Porto,Paços de Ferreira,Porto_Paços de Ferreira,0.8196005717155328,0.14068837640514545,0.03152161316490903,0.008189438714412639
4599,Porto,Paços de Ferreira,Porto_Paços de Ferreira,0.8196005717155328,0.14068837640514545,0.03152161316490903,0.008189438714412639
4585,Porto,Paredes,Porto_Paredes,0.8340573829187949,0.12352604191531005,0.034253115004535255,0.008163460161359621
4580,Porto,Paredes,Porto_Paredes,0.8340573829187949,0.12352604191531005,0.034253115004535255,0.008163460161359621
4560,Porto,Penafiel,Porto_Penafiel,0.8701236107960988,0.09378543887502835,0.02123497391698798,0.014855976411884781
4575,Porto,Penafiel,Porto_Penafiel,0.8701236107960988,0.09378543887502835,0.02123497391698798,0.014855976411884781
4564,Porto,Penafiel,Porto_Penafiel,0.8701236107960988,0.09378543887502835,0.02123497391698798,0.014855976411884781
4100,Porto,Porto,Porto_Porto,0.811652905436984,0.16972183275345762,0.017286643240841715,0.0012751495848551462
4150,Porto,Porto,Porto_Porto,0.811652905436984,0.16972183275345762,0.017286643240841715,0.0012751495848551462
4149,Porto,Porto,Porto_Porto,0.811652905436984,0.16972183275345762,0.017286643240841715,0.0012751495848551462
4099,Porto,Porto,Porto_Porto,0.811652905436984,0.16972183275345762,0.017286643240841715,0.0012751495848551462
4050,Porto,Porto,Porto_Porto,0.811652905436984,0.16972183275345762,0.017286643240841715,0.0012751495848551462
4350,Porto,Porto,Porto_Porto,0.811652905436984,0.16972183275345762,0.017286643240841715,0.0012751495848551462
4200,Porto,Porto,Porto_Porto,0.811652905436984,0.16972183275345762,0.017286643240841715,0.0012751495848551462
4250,Porto,Porto,Porto_Porto,0.811652905436984,0.16972183275345762,0.017286643240841715,0.0012751495848551462
4300,Porto,Porto,Porto_Porto,0.811652905436984,0.16972183275345762,0.017286643240841715,0.0012751495848551462
4349,Porto,Porto,Porto_Porto,0.811652905436984,0.16972183275345762,0.017286643240841715,0.0012751495848551462
4000,Porto,Porto,Porto_Porto,0.811652905436984,0.16972183275345762,0.017286643240841715,0.0012751495848551462
4049,Porto,Porto,Porto_Porto,0.811652905436984,0.16972183275345762,0.017286643240841715,0.0012751495848551462
4249,Porto,Porto,Porto_Porto,0.811652905436984,0.16972183275345762,0.017286643240841715,0.0012751495848551462
4369,Porto,Porto,Porto_Porto,0.811652905436984,0.16972183275345762,0.017286643240841715,0.0012751495848551462
4269,Porto,Porto,Porto_Porto,0.811652905436984,0.16972183275345762,0.017286643240841715,0.0012751495848551462
4169,Porto,Porto,Porto_Porto,0.811652905436984,0.16972183275345762,0.017286643240841715,0.0012751495848551462
4199,Porto,Porto,Porto_Porto,0.811652905436984,0.16972183275345762,0.017286643240841715,0.0012751495848551462
4495,Porto,Póvoa de Varzim,Porto_Póvoa de Varzim,0.8404121863799283,0.12103494623655914,0.01881720430107527,0.019735663082437273
4490,Porto,Póvoa de Varzim,Porto_Póvoa de Varzim,0.8404121863799283,0.12103494623655914,0.01881720430107527,0.019735663082437273
4570,Porto,Póvoa de Varzim,Porto_Póvoa de Varzim,0.8404121863799283,0.12103494623655914,0.01881720430107527,0.019735663082437273
4825,Porto,Santo Tirso,Porto_Santo Tirso,0.8721528722711944,0.10421227001124062,0.01893155061231734,0.00470330710524759
4780,Porto,Santo Tirso,Porto_Santo Tirso,0.8721528722711944,0.10421227001124062,0.01893155061231734,0.00470330710524759
4795,Porto,Santo Tirso,Porto_Santo Tirso,0.8721528722711944,0.10421227001124062,0.01893155061231734,0.00470330710524759
4745,Porto,Trofa,Porto_Trofa,0.8356344856661045,0.1313237774030354,0.026770657672849914,0.006271079258010118
4785,Porto,Trofa,Porto_Trofa,0.8356344856661045,0.1313237774030354,0.026770657672849914,0.006271079258010118
4445,Porto,Valongo,Porto_Valongo,0.8820610129908043,0.10071522405488251,0.014867485455720749,0.0023562774985924893
4440,Porto,Valongo,Porto_Valongo,0.8820610129908043,0.10071522405488251,0.014867485455720749,0.0023562774985924893
4480,Porto,Vila do Conde,Porto_Vila do Conde,0.8321375186846038,0.13563954729874012,0.018513773222293403,0.013687806961349563
4485,Porto,Vila do Conde,Porto_Vila do Conde,0.8321375186846038,0.13563954729874012,0.018513773222293403,0.013687806961349563
4486,Porto,Vila do Conde,Porto_Vila do Conde,0.8321375186846038,0.13563954729874012,0.018513773222293403,0.013687806961349563
4484,Porto,Vila do Conde,Porto_Vila do Conde,0.8321375186846038,0.13563954729874012,0.018513773222293403,0.013687806961349563
4410,Porto,Vila Nova de Gaia,Porto_Vila Nova de Gaia,0.8796478220574606,0.10415199258572752,0.014056224899598395,0.0021316033364226134
4405,Porto,Vila Nova de Gaia,Porto_Vila Nova de Gaia,0.8796478220574606,0.10415199258572752,0.014056224899598395,0.0021316033364226134
4430,Porto,Vila Nova de Gaia,Porto_Vila Nova de Gaia,0.8796478220574606,0.10415199258572752,0.014056224899598395,0.0021316033364226134
4434,Porto,Vila Nova de Gaia,Porto_Vila Nova de Gaia,0.8796478220574606,0.10415199258572752,0.014056224899598395,0.0021316033364226134
4414,Porto,Vila Nova de Gaia,Porto_Vila Nova de Gaia,0.8796478220574606,0.10415199258572752,0.014056224899598395,0.0021316033364226134
4400,Porto,Vila Nova de Gaia,Porto_Vila Nova de Gaia,0.8796478220574606,0.10415199258572752,0.014056224899598395,0.0021316033364226134
4415,Porto,Vila Nova de Gaia,Porto_Vila Nova de Gaia,0.8796478220574606,0.10415199258572752,0.014056224899598395,0.0021316033364226134
4409,Porto,Vila Nova de Gaia,Porto_Vila Nova de Gaia,0.8796478220574606,0.10415199258572752,0.014056224899598395,0.0021316033364226134
4404,Porto,Vila Nova de Gaia,Porto_Vila Nova de Gaia,0.8796478220574606,0.10415199258572752,0.014056224899598395,0.0021316033364226134
2200,Santarém,Abrantes,Santarém_Abrantes,0.8796130419204586,0.08909590349934311,0.015088180261953101,0.01616306381623472
2205,Santarém,Abrantes,Santarém_Abrantes,0.8796130419204586,0.08909590349934311,0.015088180261953101,0.01616306381623472
2230,Santarém,Abrantes,Santarém_Abrantes,0.8796130419204586,0.08909590349934311,0.015088180261953101,0.01616306381623472
2380,Santarém,Alcanena,Santarém_Alcanena,0.8517124119504494,0.11136750060723828,0.030969152295360697,0.0059509351469516645
2384,Santarém,Alcanena,Santarém_Alcanena,0.8517124119504494,0.11136750060723828,0.030969152295360697,0.0059509351469516645
2395,Santarém,Alcanena,Santarém_Alcanena,0.8517124119504494,0.11136750060723828,0.030969152295360697,0.0059509351469516645
2080,Santarém,Almeirim,Santarém_Almeirim,0.8418711436361027,0.10675850193715024,0.01492323145358014,0.036447122973166886
2090,Santarém,Alpiarça,Santarém_Alpiarça,0.8255659121171771,0.09365290723479805,0.018863737239236573,0.061917443408788284
2130,Santarém,Benavente,Santarém_Benavente,0.8386693204435598,0.12556155814614728,0.01637759454080182,0.01939152686949104
2135,Santarém,Benavente,Santarém_Benavente,0.8386693204435598,0.12556155814614728,0.01637759454080182,0.01939152686949104
2890,Santarém,Benavente,Santarém_Benavente,0.8386693204435598,0.12556155814614728,0.01637759454080182,0.01939152686949104
2139,Santarém,Benavente,Santarém_Benavente,0.8386693204435598,0.12556155814614728,0.01637759454080182,0.01939152686949104
2070,Santarém,Cartaxo,Santarém_Cartaxo,0.8722592945662536,0.09199237368922784,0.014435516818738933,0.021312814925779654
2140,Santarém,Chamusca,Santarém_Chamusca,0.8100323624595469,0.1156957928802589,0.018770226537216828,0.055501618122977346
2250,Santarém,Constância,Santarém_Constância,0.881060920016577,0.0870285951098218,0.02154993783671778,0.010360547036883548
2100,Santarém,Coruche,Santarém_Coruche,0.853662735646036,0.09641043298614099,0.016011018335198416,0.03382973228888698
2330,Santarém,Entroncamento,Santarém_Entroncamento,0.8851026298909557,0.09533354714560616,0.016516998075689546,0.0028864656831302116
2334,Santarém,Entroncamento,Santarém_Entroncamento,0.8851026298909557,0.09533354714560616,0.016516998075689546,0.0028864656831302116
2240,Santarém,Ferreira do Zêzere,Santarém_Ferreira do Zêzere,0.8645806941981251,0.08449455282493032,0.017608310108943502,0.03331644286800101
2150,Santarém,Golegã,Santarém_Golegã,0.7852877955576784,0.11081920229281107,0.013852400286601384,0.090040601862909
2154,Santarém,Golegã,Santarém_Golegã,0.7852877955576784,0.11081920229281107,0.013852400286601384,0.090040601862909
6120,Santarém,Mação,Santarém_Mação,0.8683903009056384,0.0946538124452235,0.01709027169149869,0.0198656149576395
2490,Santarém,Ourém,Santarém_Ourém,0.8641405957871121,0.11089991275084134,0.01748099214757572,0.007478499314470897
2435,Santarém,Ourém,Santarém_Ourém,0.8641405957871121,0.11089991275084134,0.01748099214757572,0.007478499314470897
2495,Santarém,Ourém,Santarém_Ourém,0.8641405957871121,0.11089991275084134,0.01748099214757572,0.007478499314470897
2040,Santarém,Rio Maior,Santarém_Rio Maior,0.8485441276051464,0.1187269580919419,0.01880972086374238,0.013843954555714393
2120,Santarém,Salvaterra de Magos,Santarém_Salvaterra de Magos,0.86073786407767,0.09374757281553397,0.013902912621359224,0.03161165048543689
2125,Santarém,Salvaterra de Magos,Santarém_Salvaterra de Magos,0.86073786407767,0.09374757281553397,0.013902912621359224,0.03161165048543689
2124,Santarém,Salvaterra de Magos,Santarém_Salvaterra de Magos,0.86073786407767,0.09374757281553397,0.013902912621359224,0.03161165048543689
2005,Santarém,Santarém,Santarém_Santarém,0.8537323647083597,0.112207833228048,0.01921457148873447,0.014845230574857864
2025,Santarém,Santarém,Santarém_Santarém,0.8537323647083597,0.112207833228048,0.01921457148873447,0.014845230574857864
2000,Santarém,Santarém,Santarém_Santarém,0.8537323647083597,0.112207833228048,0.01921457148873447,0.014845230574857864
2004,Santarém,Santarém,Santarém_Santarém,0.8537323647083597,0.112207833228048,0.01921457148873447,0.014845230574857864
2009,Santarém,Santarém,Santarém_Santarém,0.8537323647083597,0.112207833228048,0.01921457148873447,0.014845230574857864
2230,Santarém,Sardoal,Santarém_Sardoal,0.8714380384360503,0.08913187541418158,0.020212060967528166,0.019218025182239893
2305,Santarém,Tomar,Santarém_Tomar,0.8800292344235338,0.08657043668920154,0.014653754796272612,0.018746574090992143
2300,Santarém,Tomar,Santarém_Tomar,0.8800292344235338,0.08657043668920154,0.014653754796272612,0.018746574090992143
2350,Santarém,Torres Novas,Santarém_Torres Novas,0.8650983940285003,0.10187740330242026,0.019769282967654376,0.013254919701425017
2260,Santarém,Vila Nova da Barquinha,Santarém_Vila Nova da Barquinha,0.883817427385892,0.08990318118948824,0.016136468418626093,0.010142923005993546
7580,Setúbal,Alcácer do Sal,Setúbal_Alcácer do Sal,0.8437166251334995,0.10407025038566513,0.022783908864364544,0.029429215616470866
7595,Setúbal,Alcácer do Sal,Setúbal_Alcácer do Sal,0.8437166251334995,0.10407025038566513,0.022783908864364544,0.029429215616470866
2890,Setúbal,Alcochete,Setúbal_Alcochete,0.8315950139913508,0.14313575850080557,0.015602476045111507,0.00966675146273213
2894,Setúbal,Alcochete,Setúbal_Alcochete,0.8315950139913508,0.14313575850080557,0.015602476045111507,0.00966675146273213
2800,Setúbal,Almada,Setúbal_Almada,0.8942284472349674,0.09655190257701729,0.007822472142684651,0.0013799289336599164
2804,Setúbal,Almada,Setúbal_Almada,0.8942284472349674,0.09655190257701729,0.007822472142684651,0.0013799289336599164
2805,Setúbal,Almada,Setúbal_Almada,0.8942284472349674,0.09655190257701729,0.007822472142684651,0.0013799289336599164
2809,Setúbal,Almada,Setúbal_Almada,0.8942284472349674,0.09655190257701729,0.007822472142684651,0.0013799289336599164
2825,Setúbal,Almada,Setúbal_Almada,0.8942284472349674,0.09655190257701729,0.007822472142684651,0.0013799289336599164
2829,Setúbal,Almada,Setúbal_Almada,0.8942284472349674,0.09655190257701729,0.007822472142684651,0.0013799289336599164
2820,Setúbal,Almada,Setúbal_Almada,0.8942284472349674,0.09655190257701729,0.007822472142684651,0.0013799289336599164
2821,Setúbal,Almada,Setúbal_Almada,0.8942284472349674,0.09655190257701729,0.007822472142684651,0.0013799289336599164
2810,Setúbal,Almada,Setúbal_Almada,0.8942284472349674,0.09655190257701729,0.007822472142684651,0.0013799289336599164
2814,Setúbal,Almada,Setúbal_Almada,0.8942284472349674,0.09655190257701729,0.007822472142684651,0.0013799289336599164
2815,Setúbal,Almada,Setúbal_Almada,0.8942284472349674,0.09655190257701729,0.007822472142684651,0.0013799289336599164
2819,Setúbal,Almada,Setúbal_Almada,0.8942284472349674,0.09655190257701729,0.007822472142684651,0.0013799289336599164
2834,Setúbal,Barreiro,Setúbal_Barreiro,0.8961819923762154,0.09026234788103633,0.01231220824754877,0.0012230670444584872
2830,Setúbal,Barreiro,Setúbal_Barreiro,0.8961819923762154,0.09026234788103633,0.01231220824754877,0.0012230670444584872
2835,Setúbal,Barreiro,Setúbal_Barreiro,0.8961819923762154,0.09026234788103633,0.01231220824754877,0.0012230670444584872
2839,Setúbal,Barreiro,Setúbal_Barreiro,0.8961819923762154,0.09026234788103633,0.01231220824754877,0.0012230670444584872
7570,Setúbal,Grândola,Setúbal_Grândola,0.811854441442873,0.13737486095661847,0.03623073255998729,0.014539965040521213
2860,Setúbal,Moita,Setúbal_Moita,0.8970265721426022,0.09088590809404805,0.008695873922578671,0.003391645840771153
2835,Setúbal,Moita,Setúbal_Moita,0.8970265721426022,0.09088590809404805,0.008695873922578671,0.003391645840771153
2864,Setúbal,Moita,Setúbal_Moita,0.8970265721426022,0.09088590809404805,0.008695873922578671,0.003391645840771153
2870,Setúbal,Montijo,Setúbal_Montijo,0.8420874800344023,0.1311893352991768,0.013300159724781914,0.013392308637424744
2985,Setúbal,Montijo,Setúbal_Montijo,0.8420874800344023,0.1311893352991768,0.013300159724781914,0.013392308637424744
2100,Setúbal,Montijo,Setúbal_Montijo,0.8420874800344023,0.1311893352991768,0.013300159724781914,0.013392308637424744
2965,Setúbal,Palmela,Setúbal_Palmela,0.8649572210374862,0.10516173787929396,0.012692376865959252,0.017162971146681742
2950,Setúbal,Palmela,Setúbal_Palmela,0.8649572210374862,0.10516173787929396,0.012692376865959252,0.017162971146681742
2954,Setúbal,Palmela,Setúbal_Palmela,0.8649572210374862,0.10516173787929396,0.012692376865959252,0.017162971146681742
2955,Setúbal,Palmela,Setúbal_Palmela,0.8649572210374862,0.10516173787929396,0.012692376865959252,0.017162971146681742
2951,Setúbal,Palmela,Setúbal_Palmela,0.8649572210374862,0.10516173787929396,0.012692376865959252,0.017162971146681742
2959,Setúbal,Palmela,Setúbal_Palmela,0.8649572210374862,0.10516173787929396,0.012692376865959252,0.017162971146681742
7540,Setúbal,Santiago do Cacém,Setúbal_Santiago do Cacém,0.857428251230327,0.10349364128051454,0.029235491887151,0.009842615602007504
7565,Setúbal,Santiago do Cacém,Setúbal_Santiago do Cacém,0.857428251230327,0.10349364128051454,0.029235491887151,0.009842615602007504
7555,Setúbal,Santiago do Cacém,Setúbal_Santiago do Cacém,0.857428251230327,0.10349364128051454,0.029235491887151,0.009842615602007504
7500,Setúbal,Santiago do Cacém,Setúbal_Santiago do Cacém,0.857428251230327,0.10349364128051454,0.029235491887151,0.009842615602007504
2840,Setúbal,Seixal,Setúbal_Seixal,0.9005481851503454,0.08884491874533718,0.009341853449674009,0.0012650426546433554
2865,Setúbal,Seixal,Setúbal_Seixal,0.9005481851503454,0.08884491874533718,0.009341853449674009,0.0012650426546433554
2845,Setúbal,Seixal,Setúbal_Seixal,0.9005481851503454,0.08884491874533718,0.009341853449674009,0.0012650426546433554
2848,Setúbal,Seixal,Setúbal_Seixal,0.9005481851503454,0.08884491874533718,0.009341853449674009,0.0012650426546433554
2844,Setúbal,Seixal,Setúbal_Seixal,0.9005481851503454,0.08884491874533718,0.009341853449674009,0.0012650426546433554
2855,Setúbal,Seixal,Setúbal_Seixal,0.9005481851503454,0.08884491874533718,0.009341853449674009,0.0012650426546433554
2975,Setúbal,Sesimbra,Setúbal_Sesimbra,0.9023358620313268,0.08748567374338263,0.008377449107678873,0.0018010151176117448
2970,Setúbal,Sesimbra,Setúbal_Sesimbra,0.9023358620313268,0.08748567374338263,0.008377449107678873,0.0018010151176117448
2910,Setúbal,Setúbal,Setúbal_Setúbal,0.8693048270367174,0.11620742314587344,0.010955447845428592,0.003532301971980612
2914,Setúbal,Setúbal,Setúbal_Setúbal,0.8693048270367174,0.11620742314587344,0.010955447845428592,0.003532301971980612
2925,Setúbal,Setúbal,Setúbal_Setúbal,0.8693048270367174,0.11620742314587344,0.010955447845428592,0.003532301971980612
2929,Setúbal,Setúbal,Setúbal_Setúbal,0.8693048270367174,0.11620742314587344,0.010955447845428592,0.003532301971980612
2900,Setúbal,Setúbal,Setúbal_Setúbal,0.8693048270367174,0.11620742314587344,0.010955447845428592,0.003532301971980612
2904,Setúbal,Setúbal,Setúbal_Setúbal,0.8693048270367174,0.11620742314587344,0.010955447845428592,0.003532301971980612
7520,Setúbal,Sines,Setúbal_Sines,0.8466035073573877,0.1281999596855473,0.022576093529530335,0.002620439427534771
7555,Setúbal,Sines,Setúbal_Sines,0.8466035073573877,0.1281999596855473,0.022576093529530335,0.002620439427534771
4970,Viana do Castelo,Arcos de Valdevez,Viana do Castelo_Arcos de Valdevez,0.8909825740079782,0.09148645811463363,0.013489397438589125,0.0040415704387990765
4974,Viana do Castelo,Arcos de Valdevez,Viana do Castelo_Arcos de Valdevez,0.8909825740079782,0.09148645811463363,0.013489397438589125,0.0040415704387990765
4910,Viana do Castelo,Caminha,Viana do Castelo_Caminha,0.884891640866873,0.09777089783281734,0.013003095975232198,0.004334365325077399
4914,Viana do Castelo,Caminha,Viana do Castelo_Caminha,0.884891640866873,0.09777089783281734,0.013003095975232198,0.004334365325077399
4960,Viana do Castelo,Melgaço,Viana do Castelo_Melgaço,0.9013787107191653,0.08421314122469259,0.009439821140231027,0.004968326915911067
4964,Viana do Castelo,Melgaço,Viana do Castelo_Melgaço,0.9013787107191653,0.08421314122469259,0.009439821140231027,0.004968326915911067
4950,Viana do Castelo,Monção,Viana do Castelo_Monção,0.8904146292450935,0.08908835153057806,0.013865630651751625,0.006631388572576865
4940,Viana do Castelo,Paredes de Coura,Viana do Castelo_Paredes de Coura,0.890277354465102,0.09372142639439195,0.013562938128619322,0.0024382810118866198
4944,Viana do Castelo,Paredes de Coura,Viana do Castelo_Paredes de Coura,0.890277354465102,0.09372142639439195,0.013562938128619322,0.0024382810118866198
4980,Viana do Castelo,Ponte da Barca,Viana do Castelo_Ponte da Barca,0.8800819583737732,0.1025558071821417,0.013911355548366222,0.003450878895718753
4990,Viana do Castelo,Ponte de Lima,Viana do Castelo_Ponte de Lima,0.8680847778249624,0.10049029069991892,0.02505501293286492,0.0063699185422537935
4924,Viana do Castelo,Vila Nova de Cerveira,Viana do Castelo_Vila Nova de Cerveira,0.8692829743287106,0.1109471820596046,0.017556801416347006,0.002213042195337858
4930,Viana do Castelo,Valença,Viana do Castelo_Valença,0.8564420862949244,0.12563820202222445,0.014616077685453999,0.0033036339973971365
4900,Viana do Castelo,Viana do Castelo,Viana do Castelo_Viana do Castelo,0.8770193361377214,0.1004807522358514,0.01869984799745484,0.003800063628972392
4905,Viana do Castelo,Viana do Castelo,Viana do Castelo_Viana do Castelo,0.8770193361377214,0.1004807522358514,0.01869984799745484,0.003800063628972392
4925,Viana do Castelo,Viana do Castelo,Viana do Castelo_Viana do Castelo,0.8770193361377214,0.1004807522358514,0.01869984799745484,0.003800063628972392
4935,Viana do Castelo,Viana do Castelo,Viana do Castelo_Viana do Castelo,0.8770193361377214,0.1004807522358514,0.01869984799745484,0.003800063628972392
4939,Viana do Castelo,Viana do Castelo,Viana do Castelo_Viana do Castelo,0.8770193361377214,0.1004807522358514,0.01869984799745484,0.003800063628972392
4904,Viana do Castelo,Viana do Castelo,Viana do Castelo_Viana do Castelo,0.8770193361377214,0.1004807522358514,0.01869984799745484,0.003800063628972392
4920,Viana do Castelo,Vila Nova de Cerveira,Viana do Castelo_Vila Nova de Cerveira,0.8692829743287106,0.1109471820596046,0.017556801416347006,0.002213042195337858
5070,Vila Real,Alijó,Vila Real_Alijó,0.8973400747417014,0.07639041547592877,0.017916025500109914,0.008353484282259837
5085,Vila Real,Alijó,Vila Real_Alijó,0.8973400747417014,0.07639041547592877,0.017916025500109914,0.008353484282259837
5460,Vila Real,Boticas,Vila Real_Boticas,0.8974146845915202,0.08955532574974147,0.009927611168562564,0.0031023784901758017
5400,Vila Real,Chaves,Vila Real_Chaves,0.8831923717467263,0.09780230545668289,0.013486595042941581,0.005518727753649218
5425,Vila Real,Chaves,Vila Real_Chaves,0.8831923717467263,0.09780230545668289,0.013486595042941581,0.005518727753649218
5040,Vila Real,Mesão Frio,Vila Real_Mesão Frio,0.886033982594281,0.08454206382096975,0.020721094073767096,0.00870285951098218
4880,Vila Real,Mondim de Basto,Vila Real_Mondim de Basto,0.9099580312857687,0.07191911484166348,0.013544448683708509,0.004578405188859214
5470,Vila Real,Montalegre,Vila Real_Montalegre,0.9054222052213828,0.0830065984507985,0.00927608300659845,0.002295113321220235
5090,Vila Real,Murça,Vila Real_Murça,0.9083952284492459,0.06414584740040513,0.01980643709205492,0.0076524870582939455
5050,Vila Real,Peso da Régua,Vila Real_Peso da Régua,0.8649069835394955,0.10441219440927244,0.02152527515340411,0.009058147462744715
5054,Vila Real,Peso da Régua,Vila Real_Peso da Régua,0.8649069835394955,0.10441219440927244,0.02152527515340411,0.009058147462744715
5040,Vila Real,Peso da Régua,Vila Real_Peso da Régua,0.8649069835394955,0.10441219440927244,0.02152527515340411,0.009058147462744715
4870,Vila Real,Ribeira de Pena,Vila Real_Ribeira de Pena,0.9037999999999999,0.0822,0.012599999999999998,0.0014
5060,Vila Real,Sabrosa,Vila Real_Sabrosa,0.8780190785467831,0.07550233407753197,0.03145930586563832,0.015019281510046684
5085,Vila Real,Sabrosa,Vila Real_Sabrosa,0.8780190785467831,0.07550233407753197,0.03145930586563832,0.015019281510046684
5030,Vila Real,Santa Marta de Penaguião,Vila Real_Santa Marta de Penaguião,0.9043876882776686,0.07050862257149093,0.018773193625845883,0.006330495524994542
5430,Vila Real,Valpaços,Vila Real_Valpaços,0.8980434782608695,0.0881159420289855,0.010144927536231883,0.0036956521739130435
5445,Vila Real,Valpaços,Vila Real_Valpaços,0.8980434782608695,0.0881159420289855,0.010144927536231883,0.0036956521739130435
5450,Vila Real,Vila Pouca de Aguiar,Vila Real_Vila Pouca de Aguiar,0.8827527612574341,0.09732842443122816,0.014821108279052203,0.005097706032285472
5000,Vila Real,Vila Real,Vila Real_Vila Real,0.8677443696308335,0.10970513118179706,0.016049454376596238,0.00650104481077316
5004,Vila Real,Vila Real,Vila Real_Vila Real,0.8677443696308335,0.10970513118179706,0.016049454376596238,0.00650104481077316
5110,Viseu,Armamar,Viseu_Armamar,0.8414157215486899,0.09346890887759092,0.023073914743840438,0.04204145482987876
5114,Viseu,Armamar,Viseu_Armamar,0.8414157215486899,0.09346890887759092,0.023073914743840438,0.04204145482987876
3430,Viseu,Carregal do Sal,Viseu_Carregal do Sal,0.8692318225386827,0.0931124195536081,0.013419142818019992,0.024236615089689165
3600,Viseu,Castro Daire,Viseu_Castro Daire,0.9066835804328867,0.07841116308570523,0.010386109569491795,0.004519146911916278
4690,Viseu,Cinfães,Viseu_Cinfães,0.9142600750530265,0.06828193832599119,0.011829009626366455,0.005628976994615761
5100,Viseu,Lamego,Viseu_Lamego,0.8727970200700506,0.0966809362317229,0.014677266914994162,0.015844776783232335
3530,Viseu,Mangualde,Viseu_Mangualde,0.8839513586548566,0.08940099084221588,0.011184506830806185,0.015388079867887705
3534,Viseu,Mangualde,Viseu_Mangualde,0.8839513586548566,0.08940099084221588,0.011184506830806185,0.015388079867887705
3620,Viseu,Moimenta da Beira,Viseu_Moimenta da Beira,0.8672131147540985,0.09461358313817331,0.013583138173302109,0.024590163934426233
3624,Viseu,Moimenta da Beira,Viseu_Moimenta da Beira,0.8672131147540985,0.09461358313817331,0.013583138173302109,0.024590163934426233
3450,Viseu,Mortágua,Viseu_Mortágua,0.8731276213301379,0.0982624325943679,0.01752546434991013,0.010934691431995207
3525,Viseu,Nelas,Viseu_Nelas,0.8749210360075805,0.10075805432722677,0.012213097494209306,0.012107812170983364
3520,Viseu,Nelas,Viseu_Nelas,0.8749210360075805,0.10075805432722677,0.012213097494209306,0.012107812170983364
3475,Viseu,Oliveira de Frades,Viseu_Oliveira de Frades,0.8712401837309232,0.09601422432953031,0.01659505111868425,0.016150540820862348
3680,Viseu,Oliveira de Frades,Viseu_Oliveira de Frades,0.8712401837309232,0.09601422432953031,0.01659505111868425,0.016150540820862348
3550,Viseu,Penalva do Castelo,Viseu_Penalva do Castelo,0.893387314439946,0.07827260458839407,0.008434547908232119,0.019905533063427797
3630,Viseu,Penedono,Viseu_Penedono,0.9050179211469533,0.08279569892473118,0.007168458781362006,0.005017921146953404
4660,Viseu,Resende,Viseu_Resende,0.9024579560155238,0.08369987063389393,0.008279430789133247,0.0055627425614489
4664,Viseu,Resende,Viseu_Resende,0.9024579560155238,0.08369987063389393,0.008279430789133247,0.0055627425614489
3440,Viseu,Santa Comba Dão,Viseu_Santa Comba Dão,0.8653528289891927,0.0975206611570248,0.011697393515575335,0.02542911633820725
5130,Viseu,São João da Pesqueira,Viseu_São João da Pesqueira,0.8743545611015492,0.09087779690189329,0.01755593803786575,0.017211703958691912
3660,Viseu,São Pedro do Sul,Viseu_São Pedro do Sul,0.8841993115882643,0.09162432388133093,0.009998360924438617,0.014178003605966235
3560,Viseu,Sátão,Viseu_Sátão,0.8966507177033493,0.08112706007442849,0.009463051568314727,0.012759170653907498
3650,Viseu,Sátão,Viseu_Sátão,0.8966507177033493,0.08112706007442849,0.009463051568314727,0.012759170653907498
3640,Viseu,Sernancelhe,Viseu_Sernancelhe,0.8875739644970414,0.0868554522400676,0.014792899408284021,0.010777683854606932
3620,Viseu,Sernancelhe,Viseu_Sernancelhe,0.8875739644970414,0.0868554522400676,0.014792899408284021,0.010777683854606932
5120,Viseu,Tabuaço,Viseu_Tabuaço,0.9064128710627691,0.06662134602311352,0.013596193065941538,0.013369589848175843
3610,Viseu,Tarouca,Viseu_Tarouca,0.9016768292682927,0.0714939024390244,0.012957317073170733,0.013871951219512197
3465,Viseu,Tondela,Viseu_Tondela,0.8734698129916133,0.09350419336354637,0.013022868156482783,0.020003125488357556
3460,Viseu,Tondela,Viseu_Tondela,0.8734698129916133,0.09350419336354637,0.013022868156482783,0.020003125488357556
3475,Viseu,Tondela,Viseu_Tondela,0.8734698129916133,0.09350419336354637,0.013022868156482783,0.020003125488357556
3464,Viseu,Tondela,Viseu_Tondela,0.8734698129916133,0.09350419336354637,0.013022868156482783,0.020003125488357556
3650,Viseu,Vila Nova de Paiva,Viseu_Vila Nova de Paiva,0.8991452991452991,0.0814102564102564,0.010683760683760682,0.00876068376068376
3654,Viseu,Vila Nova de Paiva,Viseu_Vila Nova de Paiva,0.8991452991452991,0.0814102564102564,0.010683760683760682,0.00876068376068376
3515,Viseu,Viseu,Viseu_Viseu,0.8571146064681007,0.10868903830356871,0.018984453436368617,0.015211901791962032
3519,Viseu,Viseu,Viseu_Viseu,0.8571146064681007,0.10868903830356871,0.018984453436368617,0.015211901791962032
3510,Viseu,Viseu,Viseu_Viseu,0.8571146064681007,0.10868903830356871,0.018984453436368617,0.015211901791962032
3503,Viseu,Viseu,Viseu_Viseu,0.8571146064681007,0.10868903830356871,0.018984453436368617,0.015211901791962032
3505,Viseu,Viseu,Viseu_Viseu,0.8571146064681007,0.10868903830356871,0.018984453436368617,0.015211901791962032
3500,Viseu,Viseu,Viseu_Viseu,0.8571146064681007,0.10868903830356871,0.018984453436368617,0.015211901791962032
3504,Viseu,Viseu,Viseu_Viseu,0.8571146064681007,0.10868903830356871,0.018984453436368617,0.015211901791962032
3514,Viseu,Viseu,Viseu_Viseu,0.8571146064681007,0.10868903830356871,0.018984453436368617,0.015211901791962032
3670,Viseu,Vouzela,Viseu_Vouzela,0.8834364261168386,0.08467353951890036,0.013058419243986256,0.018831615120274918
